date,type,description,city,Label
20180115,robbery,A Man Dressed as Spider-Man Is on a Robbery Spree,NYC,0
20180115,murder,Life? Dont talk to me about life.,Albany,0
20180115,murder,"Mama, I killed a man, put a gun against his head...",Reno,0
20180215,murder,REDACTED REDACTED REDACTED,SQL City,0
20180215,murder,Someone killed the guard! He took an arrow to the knee!,SQL City,0
20180115,theft,Big Bully stole my lunch money!,Chicago,0
20180115,fraud,"Lorem ipsum dolor sit amet, consectetur adipiscing elit, sed do
            eiusmod tempor incididunt ut labore et dolore magna aliqua.",Seattle,0
20170712,theft,"A lone hunter stalks the night, firing arrows into the Darkness.
            There is no hiding, no escape. In the distance, the beast
            falters, tethered to the void. The killing blow comes without
            hesitation, without mercy.",SQL City,0
20170820,arson,"Wield the Hammer of Sol with honor, Titan, it is a thing of
            legend, both past and future.",SQL City,0
20171110,robbery,"The Gjallarhorn shoulder-mounted rocket system was forged from
            the armor of Guardians who fell at the Twilight Gap. Gifted
            to the survivors of that terrible battle, the Gjallarhorn
            is seen as a symbol of honor and survival.",SQL City,0
20180103,bribery,"Apparently, Cayde thought it necessary to expose this extremely
            rare vegetable to a Hive summoning ritual.",SQL City,0
20180115,assault,"Hamilton: Lee, do you yield? Burr: You shot him in the side! Yes he yields!",SQL City,0
20180115,assault,Report Not Found,SQL City,0
20170101,fraud,"forgotten to ask.’
",Long Beach,0
20170101,fraud,"Alice did not wish to offend the Dormouse again, so she began very
",Oceanside,1
20170101,theft,"‘Yes,’ said Alice, ‘we learned French and music.’
",Chicago,1
20170101,smuggling,"‘Now tell me, Pat, what’s that in the window?’
",Gilbert,0
20170101,assault,"twist it up into a sort of knot, and then keep tight hold of its right
",Nashville,0
20170102,arson,"with a smile. There was a dead silence.
",Las Vegas,0
20170102,bribery,"glass table. ‘Now, I’ll manage better this time,’ she said to herself,
",Riverside,1
20170102,theft,"days and days.’
",Canton,0
20170102,smuggling,"‘Yes,’ said Alice, ‘we learned French and music.’
",Alexandria,1
20170103,arson,"witness.’ And he added in an undertone to the Queen, ‘Really, my dear,
",Rochester,0
20170104,blackmail,"see what was the matter with it. There could be no doubt that it had
",Lacey,0
20170105,theft,"came, carried on the breeze that followed them, the melancholy words:--
",McAllen,0
20170105,robbery,"uglifying!’ it exclaimed. ‘You know what to beautify is, I suppose?’
",Seaside,0
20170106,blackmail,"rather sharply; ‘I advise you to leave off this minute!’ She generally
",Lewisville,0
20170106,blackmail,"CHAPTER X. The Lobster Quadrille
",Jackson,0
20170106,theft,"‘Of course it is,’ said the Duchess, who seemed ready to agree to
",High Point,1
20170107,bribery,"The hedgehog was engaged in a fight with another hedgehog, which seemed
",Lorain,0
20170107,smuggling,"
",Savannah,0
20170107,blackmail,"This answer so confused poor Alice, that she let the Dormouse go on for
",Newark,1
20170107,theft,"felt certain it must be really offended. ‘We won’t talk about her any
",Oklahoma City,0
20170107,murder,"‘It proves nothing of the sort!’ said Alice. ‘Why, you don’t even know
",Memphis,1
20170108,murder,"get” is the same thing as “I get what I like”!’
",Round Lake Beach,0
20170108,theft,"Alice tried to fancy to herself what such an extraordinary ways of
",Louisville,1
20170108,murder,"       HEARTHRUG,
",Jacksonville,0
20170109,robbery,"finished, her sister kissed her, and said, ‘It WAS a curious dream,
",Grand Rapids,1
20170109,fraud,"his fan and gloves--that is, if I can find them.’ As she said this, she
",North Port,1
20170109,arson,"mouth; but she did it at last, and managed to swallow a morsel of the
",Port St. Lucie,0
20170109,arson,"for the next moment a shower of little pebbles came rattling in at the
",Little Rock,0
20170109,bribery,"           condemn
",Visalia,0
20170110,blackmail,"Alice was not much surprised at this, she was getting so used to queer
",Kailua,1
20170111,murder,"
",Springdale,0
20170111,bribery," (In which the cook and the baby joined):--
",Lancaster,0
20170112,smuggling,"
",Melbourne,0
20170113,fraud,"Dinah, and saying to her very earnestly, ‘Now, Dinah, tell me the truth:
",Paterson,0
20170113,blackmail,"‘There’s no sort of use in knocking,’ said the Footman, ‘and that for
",Fort Collins,1
20170113,assault,"
",Reading,0
20170114,fraud,"‘Off with their heads!’ and the procession moved on, three of the
",Chicago,0
20170114,blackmail,"
",Orange,0
20170114,fraud,"‘I couldn’t afford to learn it.’ said the Mock Turtle with a sigh. ‘I
",Lorain,1
20170115,assault,"‘Nothing WHATEVER?’ persisted the King.
",Jersey City,0
20170115,theft,"The Knave shook his head sadly. ‘Do I look like it?’ he said. (Which he
",Hollywood,1
20170115,robbery,"think,’ Alice went on, ‘that they’d let Dinah stop in the house if it
",Cincinnati,1
20170116,blackmail,"
",Ontario,0
20170116,assault,"my fur and whiskers! She’ll get me executed, as sure as ferrets are
",Plano,0
20170116,blackmail,"Fish-Footman was gone, and the other was sitting on the ground near the
",Tallahassee,0
20170116,bribery,"
",Memphis,0
20170116,smuggling,"living would be like, but it puzzled her too much, so she went on: ‘But
",Las Cruces,0
20170117,assault,"with the words ‘DRINK ME,’ but nevertheless she uncorked it and put it
",Anaheim,0
20170117,bribery,"you liked with the clock. For instance, suppose it were nine o’clock in
",San Bernardino,0
20170118,robbery,"the pool, and the great hall, with the glass table and the little door,
",Charlotte,0
20170118,arson,"minute or two, which gave the Pigeon the opportunity of adding, ‘You’re
",Wilmington,0
20170118,theft,"on.’
",Denton,0
20170119,smuggling,"and sadly:--
",Riverside,0
20170119,robbery,"
",Asheville,0
20170121,arson,"voice, ‘Why the fact is, you see, Miss, this here ought to have been a
",Knoxville,0
20170121,murder,"her, to pass away the time.
",Murfreesboro,0
20170122,robbery,"
",Houston,0
20170122,bribery,"
",Oakland,0
20170122,bribery,"
",Omaha,0
20170122,murder,"came near her, she began, in a low, timid voice, ‘If you please, sir--’
",Temecula,0
20170122,assault,"
",Layton,0
20170123,blackmail,"
",Arvada,0
20170123,assault,"
",Sterling Heights,0
20170124,arson,"
",Arlington,0
20170124,murder,"about something, my dear, and that makes you forget to talk. I can’t
",Santa Clarita,0
20170124,robbery,"a little shriek, and went on: ‘--that begins with an M, such as
",Macon,0
20170124,murder,"
",Waterbury,0
20170125,murder,"age knew the meaning of it at all. However, ‘jury-men’ would have done
",Laredo,0
20170125,theft,"‘Can’t remember WHAT things?’ said the Caterpillar.
",New Bedford,1
20170126,arson,"‘I won’t!’ said Alice.
",Richmond,1
20170127,arson,"tried to get her head down to them, and was delighted to find that her
",Birmingham,0
20170127,blackmail,"thousand miles down, I think--’ (for, you see, Alice had learnt several
",Richland,1
20170128,theft,"‘--as far out to sea as you can--’
",Newark,0
20170128,theft,"   ‘The Queen of Hearts, she made some tarts,
",New Orleans,0
20170128,assault,"wag my tail when I’m angry. Therefore I’m mad.’
",Nashua,0
20170129,arson,"of things--I can’t remember half of them--and it belongs to a farmer,
",Bridgeport,0
20170129,bribery,"‘I’m sure I’m not Ada,’ she said, ‘for her hair goes in such long
",Daytona Beach,1
20170129,blackmail,"‘Call the first witness,’ said the King; and the White Rabbit blew three
",Paterson,1
20170129,robbery,"
",Saint Louis,0
20170129,assault,"OUT OF ITS WAISTCOAT-POCKET, and looked at it, and then hurried on,
",Irving,0
20170130,fraud,"
",Lancaster,0
20170130,arson,"
",Allentown,0
20170130,fraud,"a bit.’
",Raleigh,0
20170131,bribery,"
",Layton,0
20170131,bribery,"
",Apple Valley,0
20170131,bribery,"every line:
",Fort Collins,0
20170201,fraud,"close by her.
",Tuscaloosa,0
20170202,blackmail,"
",Boise City,0
20170202,robbery,"four times seven is--oh dear! I shall never get to twenty at that rate!
",Scranton,0
20170202,smuggling,"She was a good deal frightened by this very sudden change, but she felt
",Mesa,0
20170202,smuggling,"(she was obliged to say ‘creatures,’ you see, because some of them were
",Montgomery,0
20170203,arson,"occasional exclamation of ‘Hjckrrh!’ from the Gryphon, and the constant
",Indianapolis,0
20170203,smuggling,"
",Montgomery,0
20170204,blackmail,"
",Albuquerque,0
20170204,theft,"
",Tyler,0
20170205,robbery,"The next witness was the Duchess’s cook. She carried the pepper-box in
",Montgomery,0
20170205,robbery,"‘This here young lady,’ said the Gryphon, ‘she wants for to know your
",Irvine,1
20170205,smuggling,"would change to dull reality--the grass would be only rustling in the
",Reno,0
20170205,bribery,"
",Round Lake Beach,0
20170205,fraud,"with the words ‘DRINK ME,’ but nevertheless she uncorked it and put it
",Salinas,0
20170207,arson,"
",Jefferson,0
20170207,murder,"
",Amarillo,0
20170207,arson," “There’s a porpoise close behind us, and he’s treading on my tail.
",Duluth,0
20170208,theft,"‘Come on, then!’ roared the Queen, and Alice joined the procession,
",Thornton,1
20170208,fraud,"growl, ‘the world would go round a deal faster than it does.’
",Portland,0
20170208,fraud,"up into hers--she could hear the very tones of her voice, and see that
",Marysville,0
20170208,smuggling,"pocket, and was looking at it uneasily, shaking it every now and then,
",Toledo,0
20170209,smuggling,"‘--as far out to sea as you can--’
",Canton,0
20170209,smuggling,"yourself.’
",College Station,0
20170210,assault,"‘Oh, I’ve had such a curious dream!’ said Alice, and she told her
",Fargo,1
20170210,arson,"on.’
",Scottsdale,0
20170210,blackmail,"
",McAllen,0
20170210,bribery,"
",Muskegon,0
20170211,arson,"ask: perhaps I shall see it written up somewhere.’
",Marina,0
20170212,fraud,"knowing how old it was, and, as the Lory positively refused to tell its
",West Valley City,0
20170212,assault,"    That your eye was as steady as ever;
",Corona,0
20170212,robbery,"It was high time to go, for the pool was getting quite crowded with the
",Mesa,0
20170212,bribery,"‘I couldn’t help it,’ said Five, in a sulky tone; ‘Seven jogged my
",Las Cruces,1
20170214,fraud,"‘Please come back and finish your story!’ Alice called after it; and the
",Jackson,1
20170214,fraud,"CHAPTER IX. The Mock Turtle’s Story
",Saint Paul,0
20170214,assault,"
",Lake Charles,0
20170214,bribery,"‘tis love, that makes the world go round!”’
",Lakeland,0
20170215,arson,"itself upright as it spoke (it was exactly three inches high).
",Port Arthur,0
20170215,theft,"the Eaglet bent down its head to hide a smile: some of the other birds
",McHenry,0
20170215,arson,"All the time they were playing the Queen never left off quarrelling with
",Olathe,0
20170215,fraud,"drunk half the bottle, she found her head pressing against the ceiling,
",Kennewick,0
20170215,bribery,"the executioner, the King, and the Queen, who were all talking at once,
",Naples,0
20170216,arson,"‘stupid,’ and that he had to ask his neighbour to tell him. ‘A nice
",Augusta,0
20170216,arson,"
",Seattle,0
20170217,robbery,"MORE than nothing.’
",Scranton,0
20170219,theft,"keep, through all her riper years, the simple and loving heart of her
",Antioch,0
20170219,theft,"
",Irving,0
20170219,assault,"whiskers!’
",Kenosha,0
20170219,blackmail,"‘I didn’t know it was YOUR table,’ said Alice; ‘it’s laid for a great
",Lubbock,1
20170219,assault,"‘I’M not a mile high,’ said Alice.
",Grand Rapids,1
20170220,murder,"
",Colorado Springs,0
20170220,assault,"
",Tyler,0
20170220,murder,"knocking, and hurried upstairs, in great fear lest she should meet the
",Madison,0
20170221,murder,"‘I HAVE tasted eggs, certainly,’ said Alice, who was a very truthful
",Chandler,1
20170221,theft,"‘And ever since that,’ the Hatter went on in a mournful tone, ‘he won’t
",San Francisco,0
20170221,blackmail,"was,’ he said.
",Panama City,1
20170221,blackmail,"
",Boise,0
20170221,robbery,"
",Winter Haven,0
20170222,fraud,"could get away without being seen, when she noticed a curious appearance
",Jersey City,0
20170222,fraud,"‘You might just as well say,’ added the March Hare, ‘that “I like what I
",Chattanooga,0
20170222,bribery,"
",Rochester,0
20170222,arson,"the teapot.
",Havre de Grace,0
20170222,assault,"‘Oh, PLEASE mind what you’re doing!’ cried Alice, jumping up and down in
",El Monte,1
20170225,fraud,"‘What do you mean by that?’ said the Caterpillar sternly. ‘Explain
",Youngstown,1
20170225,arson,"about the whiting!’
",Baltimore,0
20170225,murder,"
",Ontario,0
20170226,theft,"makes me grow smaller, I can creep under the door; so either way I’ll
",Wichita,0
20170226,blackmail,"yourself.’
",Bridgeport,0
20170227,murder,"name like an honest man.’
",Manchester,0
20170227,assault,"
",Reading,0
20170227,smuggling,"‘If I’d been the whiting,’ said Alice, whose thoughts were still running
",Fairfield,1
20170227,assault,"She was moving them about as she spoke, but no result seemed to follow,
",Portsmouth,0
20170228,blackmail,"
",Corpus Christi,0
20170301,assault,"
",Denver,0
20170301,robbery,"
",Clarksville,0
20170301,arson," Would not, could not, would not, could not, could not join the dance.
",Normal,0
20170301,arson,"‘Very true,’ said the Duchess: ‘flamingoes and mustard both bite. And
",Tempe,1
20170302,blackmail,"When she got back to the Cheshire Cat, she was surprised to find quite a
",Kenosha,0
20170302,robbery,"‘Yes, that’s it,’ said the Hatter with a sigh: ‘it’s always tea-time,
",Palm Bay,1
20170302,bribery,"The Mock Turtle went on.
",Salem,0
20170302,fraud,"She ate a little bit, and said anxiously to herself, ‘Which way? Which
",Victorville,1
20170302,murder,"with the words ‘DRINK ME,’ but nevertheless she uncorked it and put it
",Mobile,0
20170303,theft,"‘Are you content now?’ said the Caterpillar.
",North Las Vegas,1
20170303,arson,"The door led right into a large kitchen, which was full of smoke from
",San Bernardino,0
20170303,blackmail,"
",Bethlehem,0
20170303,assault,"her: she gave a little scream, half of fright and half of anger, and
",Portland,0
20170303,bribery,"        judge, I’ll
",Naples,0
20170304,fraud,"neither of the others took the least notice of her going, though she
",Costa Mesa,0
20170304,murder,"
",Thousand Oaks,0
20170304,smuggling,"jumping merrily along hand in hand, in couples: they were all ornamented
",New London,0
20170304,robbery,"
",Bonita Springs,0
20170304,robbery,"By this time she had found her way into a tidy little room with a table
",Charleston,0
20170307,robbery,"sort of way to fly up into a tree.
",West Covina,0
20170308,murder,"ground as she spoke; ‘either you or your head must be off, and that in
",Bonita Springs,0
20170308,robbery,"on.’
",Birmingham,0
20170308,arson,"
",Hollywood,0
20170308,assault,"kind to them,’ thought Alice, ‘or perhaps they won’t walk the way I want
",Des Moines,1
20170310,assault,"‘And how many hours a day did you do lessons?’ said Alice, in a hurry to
",Fresno,1
20170310,arson,"
",GreenBay,0
20170310,theft,"‘Come on, then!’ roared the Queen, and Alice joined the procession,
",Palm Bay,1
20170310,theft,"short remarks, and she drew herself up and said, very gravely, ‘I think,
",Fort Wayne,1
20170310,blackmail,"‘It isn’t,’ said the Caterpillar.
",Palmdale,1
20170311,arson,"full of tears, but said nothing.
",Fort Wayne,1
20170311,bribery,"chimneys were shaped like ears and the roof was thatched with fur. It
",Santa Cruz,0
20170312,robbery,"‘And who are THESE?’ said the Queen, pointing to the three gardeners who
",San Bernardino,1
20170312,arson,"us all about it!’
",Riverside,0
20170313,robbery,"‘It must have been that,’ said the King, ‘unless it was written to
",Inglewood,1
20170313,robbery,"the Rabbit coming to look for her, and she trembled till she shook the
",Miramar,0
20170313,fraud,"she was up to her chin in salt water. Her first idea was that she
",Cape Coral,0
20170313,blackmail,"They were indeed a queer-looking party that assembled on the bank--the
",Kenosha,0
20170313,theft,"the sea.’
",Yakima,0
20170315,blackmail,"get into the garden, and I don’t care which happens!’
",Hampton,0
20170315,smuggling,"
",Daly City,0
20170315,robbery,"
",Anchorage,0
20170315,theft,"regular rule: you invented it just now.’
",Washington,0
20170315,assault,"herself in a long, low hall, which was lit up by a row of lamps hanging
",Marina,0
20170316,smuggling,"
",Chula Vista,0
20170316,fraud,"nothing better to say than his first remark, ‘It was the BEST butter,
",Burlington,0
20170317,blackmail,"she was out of sight: then it chuckled. ‘What fun!’ said the Gryphon,
",Elizabeth,1
20170317,smuggling,"   ‘You are old,’ said the youth, ‘one would hardly suppose
",North Port,1
20170317,assault,"Queen.
",Davidson County,0
20170318,blackmail,"‘Have you guessed the riddle yet?’ the Hatter said, turning to Alice
",Eugene,1
20170319,robbery,"
",Brownsville,0
20170319,blackmail,"
",Marysville,0
20170319,theft,"
",Joliet,0
20170319,bribery,"
",Kalamazoo,0
20170320,bribery,"that used to come once a week: HE taught us Drawling, Stretching, and
",Palmdale,0
20170320,arson,"
",North Charleston,0
20170322,blackmail,"‘A likely story indeed!’ said the Pigeon in a tone of the deepest
",Huntington,1
20170322,robbery,"had got so much into the way of expecting nothing but out-of-the-way
",Brighton,0
20170322,murder,"‘Yes,’ said Alice doubtfully: ‘it means--to--make--anything--prettier.’
",Syracuse,1
20170322,arson,"‘I can tell you more than that, if you like,’ said the Gryphon. ‘Do you
",Bellevue,1
20170323,arson,"
",Vancouver,0
20170325,murder," “You can really have no notion how delightful it will be
",Denver,0
20170326,bribery,"
",Daytona Beach,0
20170326,murder,"
",Evansville,0
20170326,smuggling,"she thought, and looked into its eyes again, to see if there were any
",Durham,0
20170327,bribery,"‘So you did, old fellow!’ said the others.
",Milwaukee,1
20170327,fraud,"Queen jumped up and bawled out, “He’s murdering the time! Off with his
",Round Lake Beach,0
20170328,arson,"‘Now, I give you fair warning,’ shouted the Queen, stamping on the
",Denver,0
20170328,murder,"the poor animal’s feelings. ‘I quite forgot you didn’t like cats.’
",Louisville,0
20170329,blackmail,"began shrinking directly. As soon as she was small enough to get through
",Oakland,0
20170329,arson,"
",Poughkeepsie,0
20170329,theft,"‘An arm, you goose! Who ever saw one that size? Why, it fills the whole
",Murfreesboro,0
20170329,murder,"had got so much into the way of expecting nothing but out-of-the-way
",Grand Rapids,0
20170330,murder,"‘I don’t know where Dinn may be,’ said the Mock Turtle, ‘but if you’ve
",Paterson,1
20170330,fraud,"‘it’s a vegetable. It doesn’t look like one, but it is.’
",Santa Rosa,0
20170330,arson,"By this time she had found her way into a tidy little room with a table
",Kalamazoo,0
20170331,theft,"
",Winston,0
20170331,theft,"all its feet at once, with a yelp of delight, and rushed at the stick,
",Roseville,0
20170331,fraud,"
",Victorville,0
20170401,assault,"people began running about in all directions, tumbling up against each
",Downey,0
20170401,assault,"For some minutes the whole court was in confusion, getting the Dormouse
",Fort Walton Beach,0
20170401,murder,"it all seemed quite natural); but when the Rabbit actually TOOK A WATCH
",North Charleston,0
20170401,robbery,"‘It’s a mineral, I THINK,’ said Alice.
",Lake Charles,1
20170401,assault,"‘You promised to tell me your history, you know,’ said Alice, ‘and why
",Santa Clarita,1
20170403,fraud,"the Lizard in head downwards, and the poor little thing was waving its
",Montgomery,0
20170403,murder,"
",Indianapolis,0
20170405,assault,"of tiny white kid gloves: she took up the fan and a pair of the gloves,
",Danbury,0
20170405,murder,"atom of meaning in it,’ but none of them attempted to explain the paper.
",Harrisburg,0
20170405,arson,"desperate that she was ready to ask help of any one; so, when the Rabbit
",Apple Valley,0
20170405,blackmail,"again, it was very provoking to find that the hedgehog had unrolled
",Bakersfield,0
20170405,murder,"Alas! it was too late to wish that! She went on growing, and growing,
",Memphis,0
20170406,fraud,"‘We had the best of educations--in fact, we went to school every day--’
",Ogden,0
20170407,arson,"about half no time! Take your choice!’
",Tyler,0
20170408,arson,"   ‘Beautiful Soup! Who cares for fish,
",Winston,0
20170408,murder,"
",Madison,0
20170408,assault,"Alice had no idea what to do, and in despair she put her hand in her
",Cleveland,1
20170408,fraud,"
",Chula Vista,0
20170408,arson,"CHAPTER V. Advice from a Caterpillar
",Wilmington,0
20170409,assault,"Then came a little pattering of feet on the stairs. Alice knew it was
",Yakima,1
20170409,blackmail,"CHAPTER IX. The Mock Turtle’s Story
",Inglewood,0
20170409,arson,"could hear the rattle of the teacups as the March Hare and his friends
",Port Arthur,0
20170409,murder,"witness.’ And he added in an undertone to the Queen, ‘Really, my dear,
",San Antonio,0
20170409,bribery,"before,’ said Alice,) and round the neck of the bottle was a paper
",Chula Vista,1
20170410,smuggling,"‘It isn’t directed at all,’ said the White Rabbit; ‘in fact, there’s
",Rockford,1
20170410,assault,"
",Kissimmee,0
20170411,fraud,"
",Newark,0
20170411,smuggling,"
",Bridgeport,0
20170411,blackmail,"can’t think! And oh, I wish you could see her after the birds! Why,
",Arlington,0
20170412,robbery,"‘Stolen!’ the King exclaimed, turning to the jury, who instantly made a
",Athens,0
20170412,smuggling,"
",Honolulu,0
20170412,arson,"
",San Buenaventura,0
20170412,arson,"
",Harlingen,0
20170413,bribery,"‘No, indeed,’ said Alice. ‘What sort of a dance is it?’
",Roanoke,1
20170413,bribery,"just as the Dormouse crossed the court, she said to one of the officers
",Daly City,1
20170414,arson,"see if she could have been changed for any of them.
",Salem,0
20170414,smuggling,"
",Athens,0
20170414,assault,"place, with a little house in it about four feet high. ‘Whoever lives
",Providence,0
20170415,bribery,"
",Atlantic City,0
20170415,theft,"
",Frederick,0
20170415,blackmail,"       house,
",Kissimmee,0
20170415,bribery,"sight, they were getting so far off). ‘Oh, my poor little feet, I wonder
",Tyler,0
20170416,smuggling,"So she set to work, and very soon finished off the cake.
",Westminster,0
20170416,theft,"The players all played at once without waiting for turns, quarrelling
",Charleston,0
20170416,fraud,"‘Not a bit,’ said the Caterpillar.
",Augusta,1
20170417,murder,"would change to dull reality--the grass would be only rustling in the
",Aberdeen,0
20170418,theft,"   If she should push the matter on,
",Santa Clara,0
20170419,smuggling,"sister, as well as she could remember them, all these strange Adventures
",New Haven,0
20170419,fraud,"The Fish-Footman began by producing from under his arm a great letter,
",Green Bay,0
20170420,murder,"over their heads. She felt very curious to know what it was all about,
",Scottsdale,0
20170420,bribery,"     Beau--ootiful Soo--oop!
",Colorado Springs,0
20170420,arson,"sweet-tempered. I only wish people knew that: then they wouldn’t be so
",Denver,0
20170420,assault,"‘I don’t see,’ said the Caterpillar.
",Johnson City,1
20170421,bribery,"
",San Francisco,0
20170421,smuggling,"players, except the King, the Queen, and Alice, were in custody and
",Sterling Heights,1
20170421,bribery,"all talking together: she made out the words: ‘Where’s the other
",Murfreesboro,0
20170422,arson,"down yet, before the trial’s begun.’
",Merced,0
20170424,murder,"‘I never thought about it,’ said Alice. ‘Why?’
",Wilmington,1
20170425,bribery,"‘How queer it seems,’ Alice said to herself, ‘to be going messages for
",Cary,1
20170425,arson,"Alice was silent.
",Fargo,1
20170425,murder,"
",Vero Beach,0
20170425,fraud,"
",San Antonio,0
20170426,smuggling,"‘I don’t know of any that do,’ Alice said very politely, feeling quite
",Redding,1
20170426,bribery,"‘Go on with the next verse,’ the Gryphon repeated impatiently: ‘it
",Saint Petersburg,0
20170426,arson,"savage when they met in the kitchen.
",Washington,0
20170427,theft,"
",Riverside,0
20170427,theft,"Alice had never been in a court of justice before, but she had read
",Rochester,1
20170428,theft,"executes nobody, you know. Come on!’
",Fort Worth,0
20170428,fraud,"‘That PROVES his guilt,’ said the Queen.
",Dallas,1
20170428,smuggling,"‘My name is Alice, so please your Majesty,’ said Alice very politely;
",Elkhart,1
20170428,arson,"
",Houma,0
20170429,murder,"yourself!’
",Richland,0
20170429,bribery,"in a great hurry; ‘and their names were Elsie, Lacie, and Tillie; and
",Harlingen,0
20170429,theft,"
",Tacoma,0
20170430,assault,"
",Layton,0
20170430,bribery,"This was not an encouraging opening for a conversation. Alice replied,
",Corpus Christi,1
20170430,robbery,"   Do you think I can listen all day to such stuff?
",Gainesville,0
20170430,fraud,"The table was a large one, but the three were all crowded together at
",Denton,0
20170430,fraud,"unrolled the parchment scroll, and read as follows:--
",Manchester,0
20170501,smuggling,"along the course, here and there. There was no ‘One, two, three, and
",Clarke County,0
20170502,murder,"enough of it now in sight, and no more of it appeared.
",Norman,0
20170502,arson,"after it, and fortunately was just in time to see it pop down a large
",San Antonio,0
20170502,robbery,"hand and a piece of bread-and-butter in the other. ‘I beg pardon, your
",Kaneohe,0
20170503,assault,"‘Why,’ said the Gryphon, ‘you first form into a line along the
",Visalia,1
20170503,theft,"their own business!’
",Athens,0
20170504,blackmail,"She drew her foot as far down the chimney as she could, and waited
",Kaneohe,0
20170504,assault,"‘It was much pleasanter at home,’ thought poor Alice, ‘when one wasn’t
",Springfield,1
20170504,assault,"There was not a moment to be lost: away went Alice like the wind, and
",South Lyon,1
20170505,bribery,"him,) ‘I’ll give him sixpence. _I_ don’t believe there’s an atom of
",Memphis,0
20170506,arson,"
",Duluth,0
20170506,arson,"CHAPTER V. Advice from a Caterpillar
",Escondido,0
20170507,bribery,"‘Yes, that’s it,’ said the Hatter with a sigh: ‘it’s always tea-time,
",New Haven,1
20170507,theft,"
",McHenry,0
20170508,arson,"   A secret, kept from all the rest,
",Sarasota,0
20170508,assault,"croquet-ground.
",Gilbert,0
20170508,fraud,"
",Louisville,0
20170509,blackmail,"‘I want a clean cup,’ interrupted the Hatter: ‘let’s all move one place
",Norwich,0
20170509,arson,"Alice a little timidly: ‘but it’s no use going back to yesterday,
",Raleigh,1
20170509,robbery,"
",Johnson City,0
20170509,robbery,"The Mouse only growled in reply.
",Brownsville,0
20170509,theft,"
",Santa Cruz,0
20170510,robbery,"
",Berkeley,0
20170511,blackmail,"head first, and then sat upon it.)
",Anchorage,0
20170511,fraud,"down again into its nest. Alice crouched down among the trees as well as
",Cleveland,1
20170511,smuggling,"other, and growing sometimes taller and sometimes shorter, until she had
",Winston,0
20170512,assault,"
",Fort Walton Beach,0
20170512,smuggling,"‘You should learn not to make personal remarks,’ Alice said with some
",Layton,1
20170513,murder,"could.
",Sioux Falls,0
20170513,smuggling,"
",Norwich,0
20170513,murder,"‘It’s a pun!’ the King added in an offended tone, and everybody laughed,
",Denton,0
20170513,blackmail,"was a table, with a large dish of tarts upon it: they looked so good,
",St. Petersburg,0
20170515,smuggling,"
",Port St. Lucie,0
20170515,bribery,"a Hatter: and in THAT direction,’ waving the other paw, ‘lives a March
",Savannah,0
20170515,arson,"            whole
",Little Rock,0
20170516,theft,"          try the
",Norwalk,0
20170517,bribery,"and said ‘That’s very curious.’
",Charleston,1
20170518,assault,"           death.”’
",Burlington,0
20170518,smuggling,"or Longitude I’ve got to?’ (Alice had no idea what Latitude was, or
",Waco,1
20170518,smuggling,"‘I didn’t!’ the March Hare interrupted in a great hurry.
",Richmond County,0
20170518,blackmail,"
",Little Rock,0
20170519,robbery,"
",Chandler,0
20170519,murder,"The Duchess took her choice, and was gone in a moment.
",Jersey City,0
20170519,bribery,"
",San Francisco,0
20170520,robbery,"‘Then the Dormouse shall!’ they both cried. ‘Wake up, Dormouse!’ And
",Madison,0
20170520,fraud,"doesn’t suit my throat!’ and a Canary called out in a trembling voice to
",San Bernardino,0
20170520,theft,"to Alice as it spoke.
",Burbank,1
20170520,blackmail,"that “I see what I eat” is the same thing as “I eat what I see”!’
",Houston,0
20170522,bribery,"conversations?’
",Roseville,0
20170523,assault,"appear, and after a minute or two she walked on in the direction in
",Boston,0
20170524,assault,"
",Buffalo,0
20170524,blackmail,"    What made you so awfully clever?’
",Palm Bay,0
20170525,bribery,"‘You may not have lived much under the sea--’ [‘I haven’t,’ said
",Tulsa,1
20170525,robbery,"When the procession came opposite to Alice, they all stopped and looked
",Rochester,1
20170525,blackmail,"
",Oklahoma City,0
20170526,robbery,"‘Of course it is,’ said the Duchess, who seemed ready to agree to
",Buffalo,1
20170526,assault,"‘Boots and shoes under the sea,’ the Gryphon went on in a deep voice,
",Bonita Springs,0
20170527,fraud,"
",Jackson,0
20170527,arson,"too much frightened to say a word, but slowly followed her back to the
",Downey,0
20170527,arson,"surprised he’ll be when he finds out who I am! But I’d better take him
",Port Saint Lucie,0
20170527,arson,"She ate a little bit, and said anxiously to herself, ‘Which way? Which
",Los Angeles,1
20170527,theft,"and began by taking the little golden key, and unlocking the door that
",Ann Arbor,0
20170528,assault,"carefully, remarking, ‘I really must be getting home; the night-air
",Modesto,0
20170528,bribery,"
",Champaign,0
20170528,smuggling,"answer, so Alice went on eagerly: ‘There is such a nice little dog near
",Chesapeake,1
20170529,assault,"‘Why?’ said the Caterpillar.
",St. Petersburg,1
20170529,fraud,"haven’t had a wink of sleep these three weeks!’
",Norwalk,0
20170529,smuggling,"‘Yes, but some crumbs must have got in as well,’ the Hatter grumbled:
",Scranton,0
20170529,robbery,"
",Cape Coral,0
20170529,assault,"verse.’
",Havre de Grace,0
20170530,arson,"the subjects on his flappers, ‘--Mystery, ancient and modern, with
",Apple Valley,0
20170530,assault,"likely it can talk: at any rate, there’s no harm in trying.’ So she
",Frederick,0
20170530,arson,"contempt. ‘I’ve seen a good many little girls in my time, but never ONE
",Springfield,0
20170602,blackmail,"        “I’ll be
",Panama City,0
20170602,fraud,"
",Reno,0
20170602,robbery,"you might like to try the thing yourself, some winter day, I will tell
",Poughkeepsie,0
20170602,fraud,"
",Muskegon,0
20170603,blackmail,"
",Orlando,0
20170604,assault,"it to make it stop.
",Portland,0
20170604,fraud,"yourself.’
",Las Cruces,0
20170604,murder,"hands were clasped upon her knee, and the bright eager eyes were looking
",Yonkers,0
20170604,bribery,"‘Thank you, it’s a very interesting dance to watch,’ said Alice, feeling
",Duluth,1
20170604,arson,"much larger than a rat-hole: she knelt down and looked along the passage
",McAllen,0
20170606,assault,"Alice, who felt ready to sink into the earth. At last the Gryphon said
",Detroit,1
20170606,bribery,"
",Lancaster,0
20170606,fraud,"‘They couldn’t have done that, you know,’ Alice gently remarked; ‘they’d
",Bel Air,1
20170606,bribery,"children she knew, who might do very well as pigs, and was just saying
",Anaheim,0
20170606,assault,"    *    *    *    *    *    *
",Elk Grove,0
20170607,bribery,"
",Joliet,0
20170607,murder,"‘Back to land again, and that’s all the first figure,’ said the Mock
",Cary,1
20170607,smuggling,"the pool as it went.
",St. Paul,0
20170609,assault,"
",Green Bay,0
20170609,murder,"‘Well, perhaps not,’ said Alice in a soothing tone: ‘don’t be angry
",Bakersfield,1
20170609,murder,"to Alice as it spoke.
",Oxnard,1
20170609,theft,"
",Abilene,0
20170610,theft,"made up my mind about it; if I’m Mabel, I’ll stay down here! It’ll be no
",Colorado Springs,0
20170610,smuggling,"hand again, and made another snatch in the air. This time there were
",Paterson,0
20170610,bribery,"Queen, who was reading the list of singers.
",Philadelphia,0
20170610,bribery,"the best thing to get us dry would be a Caucus-race.’
",Knoxville,0
20170611,arson,"them say, ‘Look out now, Five! Don’t go splashing paint over me like
",Boston,0
20170611,arson,"from one foot to the other, looking uneasily at the Queen, and in
",Racine,0
20170611,murder,"    Be off, or I’ll kick you down stairs!’
",Frederick,0
20170612,murder,"‘I didn’t know that Cheshire cats always grinned; in fact, I didn’t know
",Oceanside,0
20170613,theft,"of the window, and one foot up the chimney, and said to herself ‘Now I
",Redding,1
20170613,arson,"officers: but the Hatter was out of sight before the officer could get
",San Francisco,0
20170614,robbery,"slate with one finger, as he found it made no mark; but he now hastily
",Augusta,0
20170614,theft,"‘Please would you tell me,’ said Alice, a little timidly, for she was
",Hartford,1
20170614,robbery,"ground--and I should have croqueted the Queen’s hedgehog just now, only
",Denton,0
20170614,fraud,"
",Roseville,0
20170615,robbery,"the subjects on his flappers, ‘--Mystery, ancient and modern, with
",Saginaw,0
20170615,blackmail,"way of speaking to a mouse: she had never done such a thing before, but
",Santa Ana,0
20170615,assault,"came upon a neat little house, on the door of which was a bright brass
",Bremerton,0
20170615,fraud,"
",Huntsville,0
20170617,smuggling,"tone; ‘at least there’s no room to grow up any more HERE.’
",Escondido,0
20170617,robbery,"‘With extras?’ asked the Mock Turtle a little anxiously.
",Atlanta,0
20170617,arson,"that she had put on one of the Rabbit’s little white kid gloves while
",Jersey City,0
20170618,blackmail,"tone. ‘Nobody seems to like her, down here, and I’m sure she’s the best
",Corpus Christi,0
20170618,smuggling,"denying it. I suppose you’ll be telling me next that you never tasted an
",Gainesville,0
20170618,theft,"she felt a little nervous about this; ‘for it might end, you know,’ said
",El Paso,1
20170618,bribery,"reason is--’ here the Mock Turtle yawned and shut his eyes.--‘Tell her
",Newburgh,0
20170619,assault,"
",Shreveport,0
20170620,arson,"Lory, who at last turned sulky, and would only say, ‘I am older than
",Olympia,0
20170620,bribery,"Queen to-day?’
",Saint Louis,0
20170620,robbery,"elbow.’
",Punta Gorda,0
20170620,robbery,"Quick, now!’ And Alice was so much frightened that she ran off at once
",Fargo,1
20170621,arson,"out with his nose, you know?’
",Vallejo,0
20170621,robbery,"
",Orange,0
20170621,fraud,"
",Boulder,0
20170621,murder,"  Trims his belt and his buttons, and turns out his toes.’
",Vero Beach,0
20170622,blackmail,"the Duchess said after a pause: ‘the reason is, that I’m doubtful about
",Marysville,1
20170622,arson," Would not, could not, would not, could not, would not join the dance.
",Waterbury,0
20170622,blackmail,"‘Call it what you like,’ said the Cat. ‘Do you play croquet with the
",Detroit,1
20170623,assault,"
",Portsmouth,0
20170623,theft,"Wonderland, though she knew she had but to open them again, and all
",Canton,0
20170624,assault,"hot tea upon its nose.
",Muskegon,0
20170624,bribery,"holiday?’
",Costa Mesa,0
20170624,smuggling,"
",Lexington,0
20170624,fraud,"
",Houston,0
20170624,fraud,"Poor Alice! It was as much as she could do, lying down on one side, to
",San Bernardino,1
20170625,fraud,"
",Des Moines,0
20170625,fraud,"
",Washington,0
20170625,assault,"Bill’s place for a good deal: this fireplace is narrow, to be sure; but
",Riverside,0
20170625,bribery,"held it out to the puppy; whereupon the puppy jumped into the air off
",Sarasota,0
20170625,arson,"‘There’s no such thing!’ Alice was beginning very angrily, but the
",Richmond,1
20170626,arson,"
",Sioux Falls,0
20170626,robbery,"moment like a wild beast, screamed ‘Off with her head! Off--’
",Waterbury,0
20170626,robbery,"procession, came THE KING AND QUEEN OF HEARTS.
",Houma,0
20170626,robbery,"and no one else seemed inclined to say anything.
",Albuquerque,0
20170627,theft,"‘I wish I had our Dinah here, I know I do!’ said Alice aloud, addressing
",Las Cruces,1
20170627,fraud,"‘Now tell me, Pat, what’s that in the window?’
",Myrtle Beach,0
20170627,bribery,"history, she do.’
",Chicago,0
20170627,smuggling,"‘And yet what a dear little puppy it was!’ said Alice, as she leant
",Norman,1
20170628,smuggling,"
",Port Orange,0
20170628,robbery,"my tea when I was sent for.’
",Grayslake,0
20170628,robbery,"              THE END
",Vancouver,0
20170628,assault,"rather a handsome pig, I think.’ And she began thinking over other
",Toledo,0
20170628,arson,"great emphasis, looking hard at Alice as he said do.
",Richmond,1
20170629,theft,"‘--yes, that’s about the right distance--but then I wonder what Latitude
",GreenBay,0
20170629,smuggling,"look through into the garden with one eye; but to get through was more
",Atlantic City,0
20170629,smuggling,"‘Suppose we change the subject,’ the March Hare interrupted, yawning.
",Omaha,0
20170629,theft,"
",Daly City,0
20170630,smuggling,"away. ‘You insult me by talking such nonsense!’
",Abilene,0
20170702,assault,"hurry, muttering to himself as he came, ‘Oh! the Duchess, the Duchess!
",Irving,0
20170702,blackmail,"which word sounded best.
",Daly City,0
20170704,murder,"
",Hampton,0
20170704,arson,"‘It isn’t mine,’ said the Hatter.
",Warren,1
20170704,theft,"
",Davidson County,0
20170704,murder,"the best plan.’
",Cary,0
20170705,blackmail,"hedgehog to, and, as the doubled-up soldiers were always getting up
",Evansville,0
20170705,murder,"her eyes; and once she remembered trying to box her own ears for having
",Grand Prairie,0
20170705,theft,"‘You shan’t be beheaded!’ said Alice, and she put them into a large
",Greensboro,1
20170706,arson,"uncomfortable for the Dormouse,’ thought Alice; ‘only, as it’s asleep, I
",Odessa,1
20170706,bribery,"of the cattle in the distance would take the place of the Mock Turtle’s
",Lowell,0
20170706,smuggling,"a mouse--to a mouse--a mouse--O mouse!’) The Mouse looked at her rather
",Duluth,0
20170706,murder,"
",Independence,0
20170707,assault,"something like this:--
",Sterling Heights,0
20170707,fraud,"its eyes, for it was getting very sleepy; ‘and they drew all manner of
",Fullerton,0
20170707,murder,"same when I got up this morning? I almost think I can remember feeling a
",Salt Lake City,0
20170707,fraud,"Alice said nothing; she had sat down with her face in her hands,
",Durham,1
20170708,robbery,"
",St. Petersburg,0
20170708,murder,"  *    *    *    *    *    *    *
",St. Louis,0
20170708,smuggling,"
",Newark,0
20170709,bribery,"‘I’ll fetch the executioner myself,’ said the King eagerly, and he
",Kissimmee,1
20170709,fraud,"‘Well, then,’ the Gryphon went on, ‘if you don’t know what to uglify is,
",Dallas,0
20170709,blackmail,"she hastily dried her eyes to see what was coming. It was the White
",Providence,0
20170709,fraud,"Soon her eye fell on a little glass box that was lying under the table:
",Grayslake,0
20170709,robbery,"Next came an angry voice--the Rabbit’s--‘Pat! Pat! Where are you?’ And
",Dallas,0
20170710,assault,"‘Write that down,’ the King said to the jury, and the jury eagerly
",Evansville,1
20170710,assault,"cost them their lives.
",Tempe,0
20170710,arson,"First came ten soldiers carrying clubs; these were all shaped like
",Fort Lauderdale,0
20170713,assault,"
",Saint Louis,0
20170713,theft,"likely it can talk: at any rate, there’s no harm in trying.’ So she
",Orem,0
20170713,blackmail,"moved into the Dormouse’s place, and Alice rather unwillingly took
",Bakersfield,1
20170713,blackmail,"and skurried away into the darkness as hard as he could go.
",Newark,0
20170713,fraud,"‘Only mustard isn’t a bird,’ Alice remarked.
",Lancaster,1
20170714,assault,"go down the chimney!’
",Bel Air,0
20170715,fraud,"At last the Mouse, who seemed to be a person of authority among them,
",Green Bay,0
20170715,bribery,"
",Evansville,0
20170715,assault,"disappeared; so the King and the executioner ran wildly up and down
",Thousand Oaks,0
20170715,smuggling,"
",Louisville,0
20170716,murder,"‘Why not?’ said the March Hare.
",Riverside,1
20170720,murder,"any more!’ And here poor Alice began to cry again, for she felt very
",Hollywood,1
20170720,theft,"blow underneath her chin: it had struck her foot!
",Green Bay,0
20170720,blackmail,"
",Jacksonville,0
20170720,fraud,"it is you hate--C and D,’ she added in a whisper, half afraid that it
",Aurora,0
20170721,assault,"‘If any one of them can explain it,’ said Alice, (she had grown so large
",Saint Louis,1
20170721,fraud,"
",Boulder,0
20170721,arson,"obliged to write with one finger for the rest of the day; and this was
",Colorado Springs,0
20170723,blackmail,"
",Duluth,0
20170723,blackmail,"
",Clearwater,0
20170724,blackmail,"ache!’
",Savannah,0
20170724,murder,"days and days.’
",North Port,0
20170724,assault,"‘Boots and shoes under the sea,’ the Gryphon went on in a deep voice,
",Daytona Beach,0
20170724,blackmail,"said the Gryphon: and it set to work shaking him and punching him in
",Mobile,1
20170726,robbery,"looked like the right thing to eat or drink under the circumstances.
",Escondido,0
20170726,arson,"
",Portsmouth,0
20170726,theft,"‘Then you may SIT down,’ the King replied.
",Los Angeles,0
20170728,robbery,"children she knew, who might do very well as pigs, and was just saying
",Jefferson,0
20170728,arson,"
",Saint Paul,0
20170728,arson,"
",Eugene,0
20170729,arson,"other side, the puppy made another rush at the stick, and tumbled head
",Corpus Christi,0
20170729,robbery,"that did not sneeze, were the cook, and a large cat which was sitting on
",McAllen,0
20170729,arson,"nowhere to be seen--everything seemed to have changed since her swim in
",Santa Maria,0
20170729,fraud,"long as there was room for her.
",Overland Park,0
20170730,fraud,"disappointment it was empty: she did not like to drop the jar for fear
",North Las Vegas,0
20170730,theft,"‘No, I give it up,’ Alice replied: ‘what’s the answer?’
",Fort Lauderdale,1
20170731,smuggling,"gave herself very good advice, (though she very seldom followed it),
",Birmingham,0
20170731,fraud,"‘What a curious feeling!’ said Alice; ‘I must be shutting up like a
",Boise,1
20170801,smuggling,"‘You did!’ said the Hatter.
",Bonita Springs,1
20170802,robbery,"‘You might just as well say,’ added the March Hare, ‘that “I like what I
",Tucson,0
20170802,murder,"‘Call it what you like,’ said the Cat. ‘Do you play croquet with the
",Flint,1
20170802,assault,"to say!’
",Port Orange,0
20170802,blackmail,"to some tea and bread-and-butter, and then turned to the Dormouse, and
",Cincinnati,0
20170803,fraud,"it advisable to go with Edgar Atheling to meet William and offer him the
",Youngstown,0
20170805,assault,"
",New London,0
20170805,fraud,"at last the Caterpillar took the hookah out of its mouth, and addressed
",Bel Air,0
20170806,bribery,"have been ill.’
",Deltona,0
20170806,theft,"the flowers and the blades of grass, but she did not see anything that
",Winter Haven,0
20170806,assault,"  When the sands are all dry, he is gay as a lark,
",Rancho Cucamonga,0
20170806,assault,"
",Gainesville,0
20170806,bribery,"
",Toledo,0
20170808,murder,"    (We know it to be true):
",Costa Mesa,0
20170809,arson,"
",Monterey,0
20170809,robbery,"
",Santa Rosa,0
20170810,fraud,"about two feet high, and was going on shrinking rapidly: she soon found
",Toledo,0
20170810,murder,"Lory.
",Aberdeen,0
20170810,murder,"began. Alice thought she had never seen such a curious croquet-ground in
",Fairfield,1
20170810,arson,"blow underneath her chin: it had struck her foot!
",Havre de Grace,0
20170813,assault,"‘Oh, I beg your pardon!’ cried Alice hastily, afraid that she had hurt
",Cedar Rapids,1
20170813,blackmail,"railway,’ she said to herself. (Alice had been to the seaside once in
",Little Rock,1
20170814,smuggling,"large she had grown in the last few minutes, and she jumped up in such
",New Bedford,0
20170817,fraud,"‘I see!’ said the Queen, who had meanwhile been examining the roses.
",Berkeley,1
20170819,blackmail,"sitting sad and lonely on a little ledge of rock, and, as they came
",Eugene,0
20170819,assault,"sharp little chin into Alice’s shoulder as she added, ‘and the moral
",Topeka,1
20170820,robbery,"arms, took the hookah out of its mouth again, and said, ‘So you think
",Mesquite,1
20170820,arson,"thing,’ Alice went on, half to herself, as she swam lazily about in the
",Medford,1
20170820,murder,"
",Charleston,0
20170820,blackmail,"
",Lewisville,0
20170820,robbery,"herself. ‘Shy, they seem to put everything upon Bill! I wouldn’t be in
",Oxnard,0
20170821,theft,"At last the Mouse, who seemed to be a person of authority among them,
",New Orleans,0
20170821,smuggling,"to be done, I wonder?’ As she said this, she came suddenly upon an open
",Olathe,1
20170822,theft,"
",Escondido,0
20170822,robbery,"‘And ever since that,’ the Hatter went on in a mournful tone, ‘he won’t
",Augusta,0
20170822,robbery,"Gryphon.
",South Lyon,0
20170823,theft,"‘That’s none of YOUR business, Two!’ said Seven.
",Colorado Springs,1
20170823,arson,"
",North Las Vegas,0
20170824,smuggling,"
",Temecula,0
20170824,murder,"‘The twinkling of the what?’ said the King.
",Syracuse,1
20170824,bribery,"
",Gainesville,0
20170824,theft,"Alice was rather doubtful whether she ought not to lie down on her face
",Bellevue,1
20170825,fraud,"‘Give your evidence,’ said the King.
",Lincoln,1
20170825,robbery,"birds and beasts, as well as the whole pack of cards: the Knave was
",Santa Maria,0
20170825,robbery,"leaves: ‘I should have liked teaching it tricks very much, if--if I’d
",Erie,0
20170825,assault,"seen them so often, of course you know what they’re like.’
",Richland,0
20170826,assault,"
",Newark,0
20170826,arson,"what a wonderful dream it had been.
",Charlotte,0
20170826,arson,"
",Sarasota,0
20170826,murder,"so closely against her foot, that there was hardly room to open her
",Little Rock,0
20170826,theft,"
",Thornton,0
20170827,assault,"Alice was rather doubtful whether she ought not to lie down on her face
",Hollywood,1
20170827,smuggling,"begun asking riddles.--I believe I can guess that,’ she added aloud.
",Columbus,0
20170828,theft,"‘Shan’t,’ said the cook.
",McAllen,1
20170830,robbery,"their mouths--and they’re all over crumbs.’
",Waterbury,0
20170830,smuggling,"
",Hampton,0
20170830,robbery,"‘important--unimportant--unimportant--important--’ as if he were trying
",Burlington,0
20170830,blackmail,"
",Hayward,0
20170831,murder,"Next came an angry voice--the Rabbit’s--‘Pat! Pat! Where are you?’ And
",Virginia Beach,0
20170901,theft,"came near her, she began, in a low, timid voice, ‘If you please, sir--’
",Lancaster,0
20170901,fraud,"know, with oh, such long curly brown hair! And it’ll fetch things when
",Kalamazoo,0
20170901,bribery,"‘I don’t know where Dinn may be,’ said the Mock Turtle, ‘but if you’ve
",Elizabeth,1
20170901,arson,"executed for having missed their turns, and she did not like the look
",Murfreesboro,0
20170901,blackmail,"‘If you didn’t sign it,’ said the King, ‘that only makes the matter
",Dallas,1
20170903,fraud,"
",Long Beach,0
20170904,bribery,"glass table. ‘Now, I’ll manage better this time,’ she said to herself,
",Cape Coral,1
20170904,theft,"what a wonderful dream it had been.
",Youngstown,0
20170904,theft,"wonder what they WILL do next! If they had any sense, they’d take the
",Billings,0
20170905,robbery,"she said to herself, and shouted out, ‘You’d better not do that again!’
",Las Cruces,1
20170906,theft,"
",Canton,0
20170906,smuggling,"bore it as well as she could.
",Yakima,0
20170906,murder,"
",Dallas,0
20170906,fraud,"‘No, please go on!’ Alice said very humbly; ‘I won’t interrupt again. I
",Santa Clarita,1
20170906,bribery,"tell me, please, which way I ought to go from here?’
",Aurora,0
20170907,theft,"     ‘How doth the little crocodile
",Chandler,0
20170907,murder,"
",Honolulu,0
20170907,murder,"take more.’
",Gastonia,0
20170908,fraud,"a large cauldron which seemed to be full of soup.
",Panama City,0
20170908,assault,"‘What size do you want to be?’ it asked.
",Springdale,0
20170908,smuggling,"‘Oh, don’t bother ME,’ said the Duchess; ‘I never could abide figures!’
",Duluth,1
20170908,murder,"
",Lacey,0
20170908,fraud,"
",Fullerton,0
20170909,murder,"
",Corona,0
20170909,murder,"
",Grayslake,0
20170909,murder,"‘I won’t indeed!’ said Alice, in a great hurry to change the subject of
",Provo,1
20170909,arson,"to herself, ‘if one only knew the right way to change them--’ when she
",Oxnard,0
20170910,blackmail,"the best thing to get us dry would be a Caucus-race.’
",Scottsdale,0
20170911,bribery,"‘I keep them to sell,’ the Hatter added as an explanation; ‘I’ve none of
",Worcester,0
20170911,smuggling,"in the last few minutes that she wasn’t a bit afraid of interrupting
",Sioux City,0
20170913,theft,"‘are done with a whiting. Now you know.’
",Clarke County,0
20170913,arson,"   Game, or any other dish?
",Cincinnati,0
20170913,blackmail,"around it--once more the shriek of the Gryphon, the squeaking of the
",McHenry,0
20170913,assault,"her life; it was all ridges and furrows; the balls were live hedgehogs,
",Memphis,0
20170914,smuggling,"so closely against her foot, that there was hardly room to open her
",St. Louis,0
20170914,bribery,"age, there was no more to be said.
",High Point,1
20170915,blackmail,"‘Speak English!’ said the Eaglet. ‘I don’t know the meaning of half
",Detroit,1
20170915,theft,"‘There might be some sense in your knocking,’ the Footman went on
",Atlanta,0
20170915,assault,"
",Kissimmee,0
20170915,theft,"said, ‘It was a treacle-well.’
",Kissimmee,1
20170915,blackmail,"    ‘And your hair has become very white;
",Henderson,0
20170916,theft,"
",Houma,0
20170916,bribery,"
",Visalia,0
20170916,theft,"   Waiting in a hot tureen!
",Pueblo,0
20170917,murder,"
",McHenry,0
20170917,blackmail,"
",Port Arthur,0
20170917,theft,"
",Melbourne,0
20170917,assault,"‘Please would you tell me,’ said Alice, a little timidly, for she was
",Bloomington,1
20170918,smuggling,"be growing small again.’ She got up and went to the table to measure
",Winston,0
20170918,blackmail,"‘Pray don’t trouble yourself to say it any longer than that,’ said
",Toledo,1
20170918,theft,"moment like a wild beast, screamed ‘Off with her head! Off--’
",Fayetteville,0
20170918,bribery,"surprised he’ll be when he finds out who I am! But I’d better take him
",Gilbert,0
20170919,theft,"
",Amarillo,0
20170919,robbery,"‘And washing?’ said the Mock Turtle.
",Bridgeport,1
20170919,fraud,"back to finish his story.
",Bradenton,0
20170919,bribery,"
",Rockford,0
20170920,robbery,"make me smaller, I suppose.’
",Wilmington,0
20170920,theft,"
",Trenton,0
20170921,murder,"
",South Bend,0
20170921,fraud,"London is the capital of Paris, and Paris is the capital of Rome, and
",Bremerton,0
20170921,blackmail,"   Do you think I can listen all day to such stuff?
",Tallahassee,0
20170921,blackmail,"more if you’d rather not.’
",Minneapolis,0
20170921,blackmail,"such a capital one for catching mice--oh, I beg your pardon!’ cried
",Phoenix,0
20170922,smuggling,"At this moment the King, who had been for some time busily writing in
",Hollywood,0
20170922,assault,"
",Hagerstown,0
20170922,assault,"I THINK I can kick a little!’
",St. Paul,0
20170922,assault,"till the puppy’s bark sounded quite faint in the distance.
",Tucson,0
20170925,bribery,"the puppy began a series of short charges at the stick, running a very
",Bloomington,0
20170926,bribery,"
",Davenport,0
20170926,smuggling,"feebly stretching out one paw, trying to touch her. ‘Poor little thing!’
",Jackson,0
20170926,robbery,"‘Not I!’ said the Lory hastily.
",Phoenix,1
20170926,murder,"Alice, she went on, ‘What’s your name, child?’
",Cathedral City,1
20170926,arson,"was a table, with a large dish of tarts upon it: they looked so good,
",Warren,0
20170927,robbery,"she could, for her neck kept getting entangled among the branches, and
",Marina,0
20170927,fraud,"rope--Will the roof bear?--Mind that loose slate--Oh, it’s coming
",Macon,0
20170927,assault,"saying to herself ‘Suppose it should be raving mad after all! I almost
",Murrieta,0
20170927,smuggling,"London is the capital of Paris, and Paris is the capital of Rome, and
",Clearwater,0
20170927,blackmail,"
",Fresno,0
20170928,robbery,"by another footman in livery, with a round face, and large eyes like a
",Richmond County,0
20170928,robbery,"plenty of time as she went down to look about her and to wonder what was
",Springfield,0
20170928,blackmail,"
",Canton,0
20170929,murder,"‘What sort of people live about here?’
",Hartford,0
20170930,blackmail,"
",Garland,0
20170930,arson,"made out that she was in the pool of tears which she had wept when she
",Sioux City,0
20170930,bribery,"_I_ shan’t be able! I shall be a great deal too far off to trouble
",Santa Ana,0
20171002,blackmail,"like them raw.’
",Lacey,0
20171002,murder,"
",Glendale,0
20171002,bribery,"   ‘Speak roughly to your little boy,
",Tampa,0
20171002,fraud,"the right-hand bit to try the effect: the next moment she felt a violent
",Thousand Oaks,0
20171002,theft,"‘Never!’ said the Queen furiously, throwing an inkstand at the Lizard
",Mesa,1
20171003,murder,"‘I should like it very much,’ said Alice, ‘but I haven’t been invited
",Punta Gorda,1
20171004,smuggling,"she was up to her chin in salt water. Her first idea was that she
",Lakewood,0
20171004,assault,"a French mouse, come over with William the Conqueror.’ (For, with all
",Sterling Heights,0
20171004,smuggling,"This sounded promising, certainly: Alice turned and came back again.
",Norman,1
20171004,assault,"till she heard a little animal (she couldn’t guess of what sort it was)
",Detroit,0
20171005,murder,"it lasted.)
",Cape Coral,0
20171005,bribery,"The players all played at once without waiting for turns, quarrelling
",Durham,0
20171006,bribery,"    Because he knows it teases.’
",Rockford,0
20171007,blackmail,"
",Fort Smith,0
20171009,robbery,"as well as she could for sneezing.
",Lake Charles,0
20171009,fraud,"know, with oh, such long curly brown hair! And it’ll fetch things when
",Inglewood,0
20171009,bribery,"‘And what are they made of?’ Alice asked in a tone of great curiosity.
",Waterloo,1
20171010,murder,"           condemn
",Cedar Rapids,0
20171010,smuggling,"She was a good deal frightened by this very sudden change, but she felt
",Jersey City,0
20171010,smuggling,"Luckily for Alice, the little magic bottle had now had its full effect,
",Cedar Rapids,1
20171012,bribery,"‘Well, I can’t show it you myself,’ the Mock Turtle said: ‘I’m too
",Akron,1
20171012,arson,"Alice could think of nothing else to say but ‘It belongs to the Duchess:
",Norwalk,1
20171012,theft,"   Soup of the evening, beautiful Soup!
",Layton,0
20171012,arson,"‘I said pig,’ replied Alice; ‘and I wish you wouldn’t keep appearing and
",Aurora,1
20171012,murder,"WOULD always get into her eyes--and still as she listened, or seemed to
",Davenport,0
20171013,arson,"
",Antioch,0
20171013,bribery,"she was terribly frightened all the time at the thought that it might be
",West Covina,0
20171013,fraud,"‘I can’t help it,’ said Alice very meekly: ‘I’m growing.’
",Evansville,1
20171013,murder,"sharp little chin into Alice’s shoulder as she added, ‘and the moral
",Nashua,1
20171013,murder,"Alice was very glad to find her in such a pleasant temper, and thought
",Stockton,1
20171014,bribery,"his eyes. He looked at Alice, and tried to speak, but for a minute or
",New Orleans,1
20171015,murder,"that dark hall, and wander about among those beds of bright flowers and
",Eugene,0
20171015,murder,"Quick, now!’ And Alice was so much frightened that she ran off at once
",Austin,1
20171015,arson,"a procession,’ thought she, ‘if people had all to lie down upon their
",Lubbock,0
20171015,robbery,"‘Yes, it IS his business!’ said Five, ‘and I’ll tell him--it was for
",Washington,1
20171016,theft,"not help thinking there MUST be more to come, so she sat still and said
",Havre de Grace,1
20171016,murder,"Alice opened the door and found that it led into a small passage, not
",Modesto,1
20171016,murder,"
",Odessa,0
20171017,bribery,"
",Kalamazoo,0
20171017,murder,"minute or two, looking for them, and then quietly marched off after the
",Bakersfield,0
20171017,bribery,"shut up like a telescope! I think I could, if I only knew how to begin.’
",Atlanta,0
20171017,blackmail,"drunk half the bottle, she found her head pressing against the ceiling,
",Cedar Rapids,0
20171018,blackmail,"not got into it), and handed them round as prizes. There was exactly one
",Chattanooga,0
20171018,fraud,"along the course, here and there. There was no ‘One, two, three, and
",Sioux City,0
20171018,murder,"‘Don’t be impertinent,’ said the King, ‘and don’t look at me like that!’
",Antioch,1
20171018,robbery,"four times seven is--oh dear! I shall never get to twenty at that rate!
",Daytona Beach,0
20171019,theft,"
",Aurora,0
20171019,theft,"to herself, ‘if one only knew the right way to change them--’ when she
",Minneapolis,0
20171020,bribery,"
",Waterbury,0
20171020,theft,"
",Harrisburg,0
20171021,bribery,"
",Huntington,0
20171021,murder,"and Alice looked round, eager to see the Queen.
",Billings,1
20171022,blackmail,"On which Seven looked up and said, ‘That’s right, Five! Always lay the
",Bradenton,1
20171023,theft,"to go! Let me see: I’ll give them a new pair of boots every Christmas.’
",GreenBay,0
20171023,bribery,"      breath.”
",Evansville,0
20171023,murder,"    And mentioned me to him:
",Round Lake Beach,0
20171023,fraud,"
",Santa Cruz,0
20171023,smuggling,"candle is like after the candle is blown out, for she could not remember
",Murfreesboro,0
20171024,murder,"without a cat! It’s the most curious thing I ever saw in my life!’
",Rockford,0
20171024,smuggling,"‘It was the BEST butter,’ the March Hare meekly replied.
",Orem,0
20171024,theft,"‘It was much pleasanter at home,’ thought poor Alice, ‘when one wasn’t
",Clarksville,1
20171025,arson,"of cherry-tart, custard, pine-apple, roast turkey, toffee, and hot
",Daly City,0
20171025,assault,"
",Providence,0
20171025,arson,"      mouse to the
",Port Arthur,0
20171027,arson,"trial done,’ she thought, ‘and hand round the refreshments!’ But there
",Cambridge,0
20171027,murder,"like them raw.’
",Youngstown,0
20171027,robbery,"Lizard’s slate-pencil, and the choking of the suppressed guinea-pigs,
",Waterbury,0
20171027,fraud,"‘Digging for apples, indeed!’ said the Rabbit angrily. ‘Here! Come and
",San Jose,1
20171028,arson,"
",Yakima,0
20171028,bribery,"little thing grunted in reply (it had left off sneezing by this time).
",Jersey City,0
20171028,assault,"when they had been running half an hour or so, and were quite dry again,
",Peoria,0
20171029,murder,"
",Washington,0
20171029,assault,"Here the other guinea-pig cheered, and was suppressed.
",Hagerstown,0
20171029,robbery,"was a little startled by seeing the Cheshire Cat sitting on a bough of a
",Murfreesboro,0
20171031,arson,"        a trial,
",Lubbock,0
20171101,assault,"that was sitting on the top with its arms folded, quietly smoking a long
",Oxnard,0
20171101,smuggling,"conversations?’
",Yonkers,0
20171101,assault,"a rabbit! I suppose Dinah’ll be sending me on messages next!’ And she
",Mesquite,0
20171102,smuggling,"Alice was rather doubtful whether she ought not to lie down on her face
",Chesapeake,1
20171102,bribery,"This time Alice waited patiently until it chose to speak again. In
",Santa Clarita,1
20171103,murder,"
",Vero Beach,0
20171104,fraud,"
",Fort Collins,0
20171105,smuggling,"begged the Mouse to tell them something more.
",Fort Collins,0
20171105,arson,"for any lesson-books!’
",Fayetteville,0
20171105,fraud,"‘Really, now you ask me,’ said Alice, very much confused, ‘I don’t
",Port Saint Lucie,1
20171105,bribery,"
",New London,0
20171106,robbery,"nearer, Alice could hear him sighing as if his heart would break. She
",Myrtle Beach,1
20171106,murder,"   Yet you balanced an eel on the end of your nose--
",Charleston,0
20171106,assault,"Queen, who was reading the list of singers.
",Oklahoma City,0
20171107,blackmail,"birds hurried off at once: one old Magpie began wrapping itself up very
",Berkeley,0
20171107,assault,"other side of the court.
",Augusta,0
20171107,murder,"
",Concord,0
20171107,arson,"and when she had tired herself out with trying, the poor little thing
",Tucson,0
20171107,blackmail,"‘Thank you,’ said Alice, ‘it’s very interesting. I never knew so much
",Clearwater,1
20171108,smuggling,"savage when they met in the kitchen.
",Corpus Christi,0
20171108,blackmail,"‘Give your evidence,’ said the King.
",Rockford,1
20171108,arson,"but, alas! the little door was shut again, and the little golden key was
",Yonkers,0
20171108,assault,"down the bottle, saying to herself ‘That’s quite enough--I hope I shan’t
",Clarksville,0
20171109,blackmail,"‘I couldn’t help it,’ said Five, in a sulky tone; ‘Seven jogged my
",Waterbury,1
20171109,robbery,"Alice heard the Rabbit say, ‘A barrowful will do, to begin with.’
",Jersey City,1
20171109,arson,"‘I didn’t know it was YOUR table,’ said Alice; ‘it’s laid for a great
",Denver,1
20171110,assault,"from one foot to the other, looking uneasily at the Queen, and in
",Richmond,0
20171110,smuggling,"funny watch!’ she remarked. ‘It tells the day of the month, and doesn’t
",Virginia Beach,0
20171110,smuggling,"This was not an encouraging opening for a conversation. Alice replied,
",Olathe,1
20171111,blackmail,"to make out which were the two sides of it; and as it was perfectly
",Little Rock,0
20171111,theft,"sitting sad and lonely on a little ledge of rock, and, as they came
",Clarke County,0
20171111,bribery,"
",Hialeah,0
20171112,murder,"about half no time! Take your choice!’
",Downey,0
20171113,fraud,"It was so long since she had been anything near the right size, that it
",Flint,0
20171113,assault,"
",Oxnard,0
20171113,bribery,"
",Long Beach,0
20171114,assault,"‘The lobsters!’ shouted the Gryphon, with a bound into the air.
",Inglewood,0
20171114,assault,"sea. The master was an old Turtle--we used to call him Tortoise--’
",Elk Grove,0
20171114,theft,"repeated her question. ‘Why did they live at the bottom of a well?’
",Norwalk,0
20171116,bribery,"could get away without being seen, when she noticed a curious appearance
",Kenosha,0
20171116,fraud,"‘Hand it over here,’ said the Dodo.
",Fort Smith,1
20171117,robbery,"that it was quite impossible to say whether the blows hurt it or not.
",Jersey City,0
20171118,theft,"CHAPTER I. Down the Rabbit-Hole
",Durham,0
20171119,blackmail,"uncomfortable for the Dormouse,’ thought Alice; ‘only, as it’s asleep, I
",Harrisburg,1
20171119,blackmail,"   ‘They told me you had been to her,
",San Antonio,0
20171119,theft,"denying it. I suppose you’ll be telling me next that you never tasted an
",Springdale,0
20171119,fraud,"hands on her lap as if she were saying lessons, and began to repeat it,
",Athens,0
20171119,assault,"
",Little Rock,0
20171120,robbery,"ringlets, and mine doesn’t go in ringlets at all; and I’m sure I can’t
",Winter Haven,0
20171120,smuggling,"answer. ‘They’re done with blacking, I believe.’
",Sacramento,0
20171120,robbery,"‘Please come back and finish your story!’ Alice called after it; and the
",St. Paul,1
20171121,arson,"one end to the other: the Duchess was sitting on a three-legged stool in
",New York City,0
20171121,theft,"The twelve jurors were all writing very busily on slates. ‘What are they
",Paterson,0
20171121,fraud,"arms, took the hookah out of its mouth again, and said, ‘So you think
",New York City,1
20171122,bribery,"‘important--unimportant--unimportant--important--’ as if he were trying
",Killeen,0
20171122,robbery,"Alice)--‘and perhaps you were never even introduced to a lobster--’
",Fayetteville,1
20171122,murder,"           (WITH ALICE’S LOVE).
",Madison,1
20171122,fraud,"
",Kalamazoo,0
20171123,robbery,"rope--Will the roof bear?--Mind that loose slate--Oh, it’s coming
",Sunnyvale,0
20171123,fraud,"‘It must be a very pretty dance,’ said Alice timidly.
",Pomona,1
20171123,bribery,"shoulders got to? And oh, my poor hands, how is it I can’t see you?’
",Westminster,0
20171123,smuggling,"
",Appleton,0
20171123,blackmail,"‘Get to your places!’ shouted the Queen in a voice of thunder, and
",Ocala,0
20171124,murder,"There were doors all round the hall, but they were all locked; and when
",Ocala,0
20171124,bribery,"slate with one finger, as he found it made no mark; but he now hastily
",Seattle,0
20171124,fraud,"all. I needn’t be afraid of them!’
",Wilmington,0
20171124,assault,"
",Sioux Falls,0
20171124,bribery,"him,) ‘I’ll give him sixpence. _I_ don’t believe there’s an atom of
",Akron,0
20171125,smuggling,"
",Monroe,0
20171126,murder,"
",Port Orange,0
20171126,murder,"Alice,) ‘Well, I hardly know--No more, thank ye; I’m better now--but I’m
",Hemet,1
20171126,theft,"it: she could see it quite plainly through the glass, and she tried her
",Salem,0
20171126,arson,"
",Hollywood,0
20171127,fraud,"Alice,) ‘Well, I hardly know--No more, thank ye; I’m better now--but I’m
",Cedar Rapids,1
20171127,fraud,"    Exactly as we were.
",Bakersfield,0
20171127,robbery,"possibly hear you.’ And certainly there was a most extraordinary noise
",Chicago,0
20171127,theft,"‘Would you like to see a little of it?’ said the Mock Turtle.
",Sacramento,1
20171127,blackmail,"worse. You MUST have meant some mischief, or else you’d have signed your
",Miramar,0
20171128,theft,"Alice, who felt ready to sink into the earth. At last the Gryphon said
",Santa Clarita,1
20171128,fraud,"shouldn’t be hungry for it, you know.’
",Ann Arbor,0
20171128,arson,"‘Oh, I’ve had such a curious dream!’ said Alice, and she told her
",Huntington,1
20171128,murder,"bend, I think?’
",Topeka,0
20171128,theft,"and was just going to leave the room, when her eye fell upon a little
",Providence,0
20171130,smuggling,"bank, and of having nothing to do: once or twice she had peeped into the
",Lewisville,0
20171130,assault,"diamonds, and walked two and two, as the soldiers did. After these came
",Dallas,0
20171130,fraud,"
",Saint Petersburg,0
20171130,arson,"‘I’m getting tired of this. I vote the young lady tells us a story.’
",Hayward,0
20171202,bribery,"‘But what am I to do?’ said Alice.
",Baltimore,1
20171202,robbery,"
",Salinas,0
20171202,theft,"like the three gardeners, but she could not remember ever having heard
",Youngstown,0
20171202,bribery,"Next came an angry voice--the Rabbit’s--‘Pat! Pat! Where are you?’ And
",Tuscaloosa,0
20171203,murder,"grow up, I’ll write one--but I’m grown up now,’ she added in a sorrowful
",Yakima,0
20171203,assault,"alternately without a moment’s pause. The only things in the kitchen
",Springdale,0
20171203,bribery,"There was not a moment to be lost: away went Alice like the wind, and
",Peoria,1
20171204,assault,"and broke to pieces against one of the trees behind him.
",Killeen,0
20171204,bribery,"
",Carrollton,0
20171205,theft,"‘It’s a pun!’ the King added in an offended tone, and everybody laughed,
",Greensboro,0
20171205,assault,"   ‘You are old,’ said the youth, ‘as I mentioned before,
",Fort Wayne,1
20171205,smuggling,"‘I never saw one, or heard of one,’ said Alice.
",Irving,1
20171205,theft,"she succeeded in getting its body tucked away, comfortably enough, under
",Richmond,0
20171205,murder,"an agony of terror. ‘Oh, there goes his PRECIOUS nose’; as an unusually
",Providence,0
20171206,robbery,"murder to leave it behind?’ She said the last words out loud, and the
",Scranton,1
20171206,theft,"which produced another dead silence.
",Lexington,0
20171206,blackmail,"   ‘They told me you had been to her,
",Aurora,0
20171206,fraud,"her, to pass away the time.
",Scranton,0
20171206,theft,"to ask.
",Toledo,0
20171208,smuggling,"   ‘You are old,’ said the youth, ‘as I mentioned before,
",Vero Beach,1
20171208,murder,"fire, and at once set to work throwing everything within her reach at
",Norman,0
20171208,murder,"replied; ‘and then the different branches of Arithmetic--Ambition,
",Fairfield,0
20171208,theft,"forepaws to mark the time, while the Mock Turtle sang this, very slowly
",Baltimore,0
20171209,arson,"got much evidence YET,’ she said to herself. Imagine her surprise, when
",Santa Cruz,1
20171211,theft,"trial done,’ she thought, ‘and hand round the refreshments!’ But there
",Visalia,0
20171211,robbery,"
",Gulfport-Biloxi,0
20171211,robbery,"
",Athens,0
20171212,robbery,"All this time the Queen had never left off staring at the Hatter, and,
",Baton Rouge,0
20171212,assault,"the trees, a little sharp bark just over her head made her look up in a
",Odessa,0
20171212,robbery,"savage when they met in the kitchen.
",Nashville,0
20171212,theft,"from the roof.
",Cleveland,0
20171212,fraud,"Next came an angry voice--the Rabbit’s--‘Pat! Pat! Where are you?’ And
",Chula Vista,0
20171213,assault,"conversations?’
",Round Lake Beach,0
20171213,theft,"
",Pueblo,0
20171213,smuggling,"the royal children, and everybody else.
",Orlando,0
20171215,theft,"there WAS no one listening, this time, as it didn’t sound at all the
",Corona,0
20171215,assault,"be growing small again.’ She got up and went to the table to measure
",North Charleston,0
20171216,robbery,"desperate that she was ready to ask help of any one; so, when the Rabbit
",Richmond County,0
20171217,robbery,"
",Boston,0
20171217,robbery,"were nowhere to be found: all she could see, when she looked down, was
",Orlando,0
20171217,bribery,"‘It was the BEST butter,’ the March Hare meekly replied.
",McAllen,0
20171217,arson,"walking by the White Rabbit, who was peeping anxiously into her face.
",Fargo,0
20171219,arson,"
",Newport News,0
20171219,murder,"that cats COULD grin.’
",Marina,0
20171219,blackmail,"well without--Maybe it’s always pepper that makes people hot-tempered,’
",Harlingen,0
20171219,assault,"   And yet you incessantly stand on your head--
",Fort Walton Beach,0
20171220,theft,"they would die.
",Kissimmee,0
20171220,theft,"straightening itself out again, so that altogether, for the first minute
",Nashua,0
20171220,assault,"two.
",Merced,0
20171220,blackmail,"‘Why, what are YOUR shoes done with?’ said the Gryphon. ‘I mean, what
",Palm Springs,1
20171221,bribery,"‘She’s in prison,’ the Queen said to the executioner: ‘fetch her here.’
",Lorain,1
20171222,assault,"
",Coral Springs,0
20171222,smuggling,"mushroom, and her eyes immediately met those of a large caterpillar,
",Las Vegas,0
20171223,arson,"can’t prove I did: there’s no name signed at the end.’
",Escondido,0
20171223,assault,"
",Roanoke,0
20171224,murder,"
",Akron,0
20171224,smuggling,"Fainting in Coils.’
",Pompano Beach,0
20171225,bribery,"a-piece all round.
",St. Paul,0
20171225,bribery,"Alice opened the door and found that it led into a small passage, not
",Chattanooga,1
20171226,bribery,"‘Never mind!’ said the King, with an air of great relief. ‘Call the next
",Norfolk,1
20171227,theft,"silence, and then another confusion of voices--‘Hold up his head--Brandy
",Chicago,0
20171227,robbery,"
",Raleigh,0
20171229,robbery,"head. ‘If I eat one of these cakes,’ she thought, ‘it’s sure to make
",Tempe,0
20171229,fraud,"
",Antioch,0
20171229,fraud,"‘Why,’ said the Gryphon, ‘you first form into a line along the
",Spokane,1
20171229,robbery,"‘Serpent, I say again!’ repeated the Pigeon, but in a more subdued tone,
",West Covina,0
20171231,murder,"short remarks, and she drew herself up and said, very gravely, ‘I think,
",Glendale,1
20171231,theft,"get” is the same thing as “I get what I like”!’
",Huntington Beach,0
20171231,fraud,"The door led right into a large kitchen, which was full of smoke from
",Honolulu,0
20171231,blackmail,"‘You are,’ said the King.
",Yonkers,1
20171231,blackmail,"
",Pomona,0
20180101,blackmail,"
",Frederick,0
20180101,theft,"as all that.’
",Houston,0
20180102,robbery,"  When the pie was all finished, the Owl, as a boon,
",Las Cruces,0
20180103,theft,"So they began solemnly dancing round and round Alice, every now and
",Fort Lauderdale,1
20180104,smuggling,"age knew the meaning of it at all. However, ‘jury-men’ would have done
",Reno,0
20180104,blackmail,"It was, no doubt: only Alice did not like to be told so. ‘It’s really
",Lakeland,1
20180104,smuggling,"
",Cathedral City,0
20180105,blackmail,"to be, from one minute to another! However, I’ve got back to my right
",Canton,0
20180105,arson,"‘But I don’t want to go among mad people,’ Alice remarked.
",Scranton,1
20180105,murder," Will you, won’t you, will you, won’t you, will you join the dance?
",Sioux City,0
20180106,bribery,"daughter ‘Ah, my dear! Let this be a lesson to you never to lose
",Cambridge,0
20180106,blackmail,"fond of beheading people here; the great wonder is, that there’s any one
",Orlando,0
20180106,robbery,"    Exactly as we were.
",Wilmington,0
20180106,bribery,"
",Utica,0
20180106,murder,"possibly hear you.’ And certainly there was a most extraordinary noise
",Tempe,0
20180107,bribery,"great emphasis, looking hard at Alice as he said do.
",Ann Arbor,1
20180108,assault,"
",Saint Petersburg,0
20180108,murder,"
",New Bedford,0
20180108,bribery,"began again, using the ink, that was trickling down his face, as long as
",Chattanooga,0
20180108,blackmail,"‘Of course not,’ said the Mock Turtle: ‘why, if a fish came to ME, and
",Evansville,1
20180108,smuggling,"Then they both bowed low, and their curls got entangled together.
",St. Louis,0
20180110,robbery,"          to
",Charleston,0
20180110,arson,"‘Nothing,’ said Alice.
",Flint,1
20180110,arson,"‘Nothing whatever,’ said Alice.
",Hialeah,1
20180110,bribery,"
",Barnstable,0
20180110,blackmail,"know.’
",Corpus Christi,0
20180111,assault,"about two feet high: even then she walked up towards it rather timidly,
",Harlingen,0
20180111,blackmail,"in the direction it pointed to, without trying to explain the mistake it
",San Francisco,0
20180111,robbery,"‘Oh, I’ve had such a curious dream!’ said Alice, and she told her
",Bonita Springs,1
20180113,bribery,"‘How the creatures order one about, and make one repeat lessons!’
",Danbury,0
20180113,theft,"‘EAT ME’ were beautifully marked in currants. ‘Well, I’ll eat it,’ said
",Portsmouth,1
20180113,theft,"The Queen turned crimson with fury, and, after glaring at her for a
",Sarasota,0
20180113,robbery,"door, staring stupidly up into the sky.
",Stamford,0
20180113,fraud,"theirs, and the small ones choked and had to be patted on the back.
",Lincoln,0
20180114,fraud,"whether it would like the name: however, it only grinned a little wider.
",Beaumont,0
20180114,bribery,"
",Lancaster,0
20180114,theft,"
",Kansas City,0
20180114,robbery,"
",Philadelphia,0
20180114,robbery,"‘I should like to have it explained,’ said the Mock Turtle.
",Reno,1
20180115,arson,"like a mouse, you know. But do cats eat bats, I wonder?’ And here Alice
",San Buenaventura,1
20180115,bribery,"Here the other guinea-pig cheered, and was suppressed.
",Marysville,0
20180115,fraud,"The Dormouse slowly opened his eyes. ‘I wasn’t asleep,’ he said in a
",Yakima,1
20180115,fraud,"King put on his spectacles and looked anxiously round, to make out who
",Bryan,0
20180117,theft,"MORE than nothing.’
",San Diego,0
20180117,bribery,"by another footman in livery, with a round face, and large eyes like a
",Reno,0
20180117,smuggling,"
",Knoxville,0
20180117,fraud,"half-past one as long as you liked.’
",Baton Rouge,0
20180118,bribery,"Alice replied eagerly, for she was always ready to talk about her pet:
",Boise,1
20180118,arson,"on. ‘Or would you like the Mock Turtle to sing you a song?’
",Bradenton,0
20180118,theft,"too much frightened to say a word, but slowly followed her back to the
",Honolulu,0
20180118,assault,"of tiny white kid gloves: she took up the fan and a pair of the gloves,
",Punta Gorda,0
20180120,fraud,"and we’ve no time to wash the things between whiles.’
",Salt Lake City,0
20180120,murder,"‘You MUST remember,’ remarked the King, ‘or I’ll have you executed.’
",Yonkers,0
20180121,smuggling,"
",Concord,0
20180121,assault,"can’t think! And oh, I wish you could see her after the birds! Why,
",Vancouver,0
20180122,theft,"soldiers remaining behind to execute the unfortunate gardeners, who ran
",Fontana,0
20180123,fraud,"
",Shreveport,0
20180123,assault,"‘They lived on treacle,’ said the Dormouse, after thinking a minute or
",Killeen,1
20180123,assault,"a procession,’ thought she, ‘if people had all to lie down upon their
",Fort Worth,0
20180124,smuggling,"
",Murfreesboro,0
20180124,robbery,"‘Perhaps it hasn’t one,’ Alice ventured to remark.
",Vancouver,1
20180124,fraud,"‘I think I should understand that better,’ Alice said very politely, ‘if
",Hesperia,1
20180125,robbery,"
",Lubbock,0
20180125,smuggling,"This did not seem to encourage the witness at all: he kept shifting
",Palm Springs,0
20180125,theft,"anything but sit with its mouth open, gazing up into the roof of the
",Reno,0
20180125,bribery,"as the Rabbit, and had no reason to be afraid of it.
",Elk Grove,0
20180126,assault,"
",Pasadena,0
20180126,bribery,"looking for it, while the rest of the party went back to the game.
",Columbia,0
20180126,smuggling,"about the whiting!’
",Fresno,0
20180127,theft,"March Hare.
",Portsmouth,0
20180127,bribery,"
",Marina,0
20180127,arson,"and he went on in these words:
",Denver,0
20180127,fraud,"on better.’
",Bradenton,0
20180127,murder,"
",Bel Air,0
20180128,assault,"saying, in a solemn tone, ‘For the Duchess. An invitation from the Queen
",Corona,0
20180129,bribery,"the door opened inwards, and Alice’s elbow was pressed hard against it,
",Boston,1
20180129,blackmail,"‘Not yet, not yet!’ the Rabbit hastily interrupted. ‘There’s a great
",Clarksville,0
20180129,robbery,"    Do you think, at your age, it is right?’
",Hemet,0
20180129,smuggling,"‘Begin at the beginning,’ the King said gravely, ‘and go on till you
",Hartford,1
20180130,smuggling,"tell me, please, which way I ought to go from here?’
",Bridgeport,0
20180131,assault,"‘Not at first, perhaps,’ said the Hatter: ‘but you could keep it to
",Boise City,1
20180131,robbery,"
",Coral Springs,0
20180131,arson,"and very soon had to kneel down on the floor: in another minute there
",Davidson County,0
20180131,murder,"she thought of herself, ‘I wish the creatures wouldn’t be so easily
",San Buenaventura,0
20180201,smuggling,"The King laid his hand upon her arm, and timidly said ‘Consider, my
",Seattle,1
20180201,bribery,"
",Baton Rouge,0
20180201,murder,"hookah into its mouth and began smoking again.
",North Port,0
20180202,fraud,"Alice opened the door and found that it led into a small passage, not
",Johnson City,1
20180202,theft,"
",Waco,0
20180202,robbery,"Just at this moment Alice felt a very curious sensation, which puzzled
",Las Vegas,1
20180202,theft,"
",Lewisville,0
20180202,blackmail,"same as they used to do:--
",Huntington,0
20180203,arson,"‘You couldn’t have wanted it much,’ said Alice; ‘living at the bottom of
",Modesto,1
20180203,robbery,"then treading on her toes when they passed too close, and waving their
",Bryan,0
20180203,murder,"
",Normal,0
20180204,blackmail,"
",South Bend,0
20180204,assault,"and very soon had to kneel down on the floor: in another minute there
",Normal,0
20180206,assault,"best to climb up one of the legs of the table, but it was too slippery;
",Duluth,0
20180206,assault,"
",Columbia,0
20180208,arson,"about half no time! Take your choice!’
",Asheville,0
20180209,theft,"the March Hare.
",Lubbock,0
20180209,fraud,"deal to come before that!’
",Olathe,0
20180209,murder,"‘Then the words don’t FIT you,’ said the King, looking round the court
",Kalamazoo,1
20180209,murder,"
",Boise,0
20180209,bribery,"Luckily for Alice, the little magic bottle had now had its full effect,
",Miami,1
20180210,theft,"
",Visalia,0
20180210,theft,"‘It’s a pun!’ the King added in an offended tone, and everybody laughed,
",Birmingham,0
20180211,theft,"
",Hesperia,0
20180212,arson,"
",Lorain,0
20180213,robbery,"‘It’s the thing Mock Turtle Soup is made from,’ said the Queen.
",Brownsville,1
20180213,fraud,"of hers that you have just been reading about; and when she had
",Lafayette,0
20180213,blackmail,"a doze; but, on being pinched by the Hatter, it woke up again with
",Fresno,0
20180213,smuggling,"
",Indianapolis,0
20180214,murder,"
",Gilbert,0
20180214,murder,"
",Scottsdale,0
20180214,arson,"kiss my hand if it likes.’
",Joliet,0
20180215,murder,"The baby grunted again, and Alice looked very anxiously into its face to
",Lexington,1
20180215,smuggling,"
",Fort Wayne,0
20180215,theft,"year it is?’
",Kailua,0
20180215,robbery,"you’d better ask HER about it.’
",St. Petersburg,0
20180216,fraud,"‘Well, I shan’t go, at any rate,’ said Alice: ‘besides, that’s not a
",Reading,1
20180216,smuggling,"wondering very much what would happen next.
",Erie,0
20180216,bribery,"
",Laredo,0
20180218,smuggling,"hastily, for the White Rabbit cried out, ‘Silence in the court!’ and the
",Detroit,0
20180218,blackmail,"    *    *    *    *    *    *
",Temecula,0
20180220,robbery,"do well enough; don’t be particular--Here, Bill! catch hold of this
",Elizabeth,0
20180220,arson,"
",Fairfield,0
20180220,fraud,"just as the Dormouse crossed the court, she said to one of the officers
",Clearwater,1
20180221,fraud,"doing?’ Alice whispered to the Gryphon. ‘They can’t have anything to put
",Hampton,1
20180221,theft,"thing before, and he wasn’t going to begin at HIS time of life.
",Gastonia,0
20180221,bribery,"theirs, and the small ones choked and had to be patted on the back.
",Indianapolis,0
20180222,blackmail,"birds hurried off at once: one old Magpie began wrapping itself up very
",Albuquerque,0
20180224,assault,"Then they both bowed low, and their curls got entangled together.
",Westminster,0
20180224,smuggling,"
",North Las Vegas,0
20180224,fraud,"for this curious child was very fond of pretending to be two people.
",Augusta,0
20180225,assault,"
",Rancho Cucamonga,0
20180225,blackmail,"tone. ‘Nobody seems to like her, down here, and I’m sure she’s the best
",Norwalk,0
20180225,murder,"
",Pompano Beach,0
20180227,smuggling,"
",Kissimmee,0
20180227,fraud,"behind it was a little door about fifteen inches high: she tried the
",Savannah,0
20180227,arson,"accident, all except the Lizard, who seemed too much overcome to do
",Trenton,0
20180227,murder,"     Beau--ootiful Soo--oop!
",Visalia,0
20180228,smuggling,"sight, they were getting so far off). ‘Oh, my poor little feet, I wonder
",Cincinnati,0
20180228,assault,"
",Frederick,0
20180302,arson,"
",Modesto,0
20180302,assault,"    Involved in this affair,
",Jefferson,0
20180302,murder,"‘Shall we try another figure of the Lobster Quadrille?’ the Gryphon went
",Bel Air,0
20180303,theft,"
",Ocala,0
20180304,blackmail,"
",Fort Worth,0
20180305,blackmail,"that used to come once a week: HE taught us Drawling, Stretching, and
",Spartanburg,0
20180305,robbery,"
",Charlotte,0
20180305,arson,"‘I quite agree with you,’ said the Duchess; ‘and the moral of that
",Cary,1
20180305,smuggling,"says it kills all the rats and--oh dear!’ cried Alice in a sorrowful
",Utica,1
20180307,bribery,"The long grass rustled at her feet as the White Rabbit hurried by--the
",Hemet,0
20180308,robbery,"down again into its nest. Alice crouched down among the trees as well as
",Burlington,1
20180309,arson,"it, ‘and what is the use of a book,’ thought Alice ‘without pictures or
",Moreno Valley,1
20180309,bribery,"herself in a long, low hall, which was lit up by a row of lamps hanging
",Vancouver,0
20180309,theft,"authority over Alice.
",Jackson,1
20180310,smuggling,"YOU must cross-examine the next witness. It quite makes my forehead
",Knoxville,0
20180310,arson,"on the table. ‘Nothing can be clearer than THAT. Then again--“BEFORE SHE
",Berkeley,0
20180311,bribery,"
",Dallas,0
20180311,theft,"the Duchess and the baby--the fire-irons came first; then followed a
",Evansville,0
20180311,arson,"
",Garden Grove,0
20180311,murder,"
",Winter Haven,0
20180312,smuggling,"‘Very,’ said Alice: ‘--where’s the Duchess?’
",Erie,1
20180313,blackmail,"
",Medford,0
20180313,fraud,"perhaps after all it might tell her something worth hearing. For some
",Durham,0
20180313,blackmail,"An enormous puppy was looking down at her with large round eyes, and
",Greensboro,0
20180314,murder,"tone, ‘I’m afraid I’ve offended it again!’ For the Mouse was swimming
",Baltimore,0
20180315,arson,"The King and Queen of Hearts were seated on their throne when they
",Abilene,0
20180316,arson,"‘We must burn the house down!’ said the Rabbit’s voice; and Alice called
",Portsmouth,1
20180316,theft,"‘And ever since that,’ the Hatter went on in a mournful tone, ‘he won’t
",Costa Mesa,0
20180316,murder,"
",Naples,0
20180316,murder,"
",Tampa,0
20180317,fraud,"
",Frederick,0
20180318,murder,"
",Austin,0
20180319,robbery,"passion. She had already heard her sentence three of the players to be
",Odessa,0
20180319,blackmail,"‘You might just as well say,’ added the Dormouse, who seemed to be
",Reading,0
20180319,blackmail,"
",Buffalo,0
20180319,blackmail,"croquet with the Queen,’ and she hurried out of the room. The cook threw
",Manchester,0
20180319,murder,"away. ‘You insult me by talking such nonsense!’
",Fort Collins,0
20180320,smuggling,"‘Stand up and repeat “‘TIS THE VOICE OF THE SLUGGARD,”’ said the
",Portland,1
20180320,blackmail,"Alice started to her feet, for it flashed across her mind that she had
",Long Beach,1
20180320,arson,"doesn’t like changing so often, you know.’
",Ocala,0
20180320,bribery,"  And concluded the banquet--]
",Murfreesboro,0
20180321,assault,"‘Of course,’ the Mock Turtle said: ‘advance twice, set to partners--’
",Washington,1
20180321,assault,"funny watch!’ she remarked. ‘It tells the day of the month, and doesn’t
",Saginaw,0
20180321,robbery,"‘Begin at the beginning,’ the King said gravely, ‘and go on till you
",Winter Haven,1
20180322,arson,"little histories about children who had got burnt, and eaten up by wild
",Joliet,0
20180323,smuggling,"hands on her lap as if she were saying lessons, and began to repeat it,
",Rancho Cucamonga,0
20180324,smuggling,"jumping merrily along hand in hand, in couples: they were all ornamented
",Dayton,0
20180324,blackmail,"
",Harrisburg,0
20180324,smuggling,"
",Jacksonville,0
20180325,murder,"‘You’ll see me there,’ said the Cat, and vanished.
",Lake Charles,1
20180325,blackmail,"
",Carrollton,0
20180325,theft,"sat down and cried.
",Toledo,0
20180325,fraud,"corners: next the ten courtiers; these were ornamented all over with
",Coral Springs,0
20180327,robbery,"
",Providence,0
20180328,assault,"     Beau--ootiful Soo--oop!
",Lansing,0
20180329,smuggling,"   ‘They told me you had been to her,
",Lancaster,0
20180329,murder,"   Waiting in a hot tureen!
",Duluth,0
20180329,theft,"
",Syracuse,0
20180329,murder,"bats eat cats?’ for, you see, as she couldn’t answer either question,
",Odessa,0
20180329,smuggling,"‘Give your evidence,’ said the King; ‘and don’t be nervous, or I’ll have
",Bryan,1
20180330,murder,"was not a VERY good opportunity for showing off her knowledge, as there
",Oceanside,0
20180330,theft,"
",Detroit,0
20180330,theft,"
",York,0
20180330,robbery,"‘Come on, then!’ roared the Queen, and Alice joined the procession,
",Lakewood,1
20180331,arson,"‘Only a thimble,’ said Alice sadly.
",Coral Springs,1
20180331,robbery,"you,’ (she might well say this), ‘to go on crying in this way! Stop this
",Wilmington,0
20180331,blackmail,"
",Garland,0
20180331,bribery,"By this time she had found her way into a tidy little room with a table
",Port Arthur,0
20180331,smuggling,"MORE than nothing.’
",Bradenton,0
20180401,bribery,"two reasons. First, because I’m on the same side of the door as you
",Springfield,0
20180401,fraud,"
",Grayslake,0
20180401,arson,"the three gardeners, oblong and flat, with their hands and feet at the
",Bakersfield,0
20180401,fraud,"‘Why did you call him Tortoise, if he wasn’t one?’ Alice asked.
",Melbourne,1
20180402,theft,"to herself, ‘whenever I eat or drink anything; so I’ll just see what
",Gastonia,0
20180402,assault,"for the moment she quite forgot how to speak good English); ‘now I’m
",Ogden,0
20180402,assault,"‘That WAS a narrow escape!’ said Alice, a good deal frightened at the
",Portsmouth,1
20180402,robbery,"
",Naperville,0
20180402,arson,"Alice was not much surprised at this, she was getting so used to queer
",Naples,1
20180403,robbery,"the Duchess said after a pause: ‘the reason is, that I’m doubtful about
",Roseville,1
20180404,robbery,"Rabbit, jumping up in a great hurry; ‘this paper has just been picked
",Orange,0
20180404,theft,"said Alice, in a coaxing tone, and she tried hard to whistle to it; but
",Murfreesboro,1
20180404,assault,"‘This here young lady,’ said the Gryphon, ‘she wants for to know your
",Santa Maria,1
20180404,arson,"‘Not at all,’ said Alice: ‘she’s so extremely--’ Just then she noticed
",South Bend,1
20180406,robbery,"‘Oh, you can’t help that,’ said the Cat: ‘we’re all mad here. I’m mad.
",Clearwater,1
20180407,robbery,"you know!’
",Newport News,0
20180407,fraud,"
",Hollywood,0
20180407,blackmail,"wood for fear of their hearing her; and when she next peeped out the
",Fargo,0
20180407,bribery,"‘Call the next witness!’ said the King.
",Eugene,1
20180408,smuggling,"There was a general clapping of hands at this: it was the first really
",Daytona Beach,0
20180408,bribery,"anxiously about as it went, as if it had lost something; and she heard
",Newark,0
20180408,arson,"them bitter--and--and barley-sugar and such things that make children
",Akron,0
20180410,murder,"leaves: ‘I should have liked teaching it tricks very much, if--if I’d
",Lorain,0
20180410,robbery,"I should frighten them out of their wits!’ So she began nibbling at the
",Bloomington,0
20180410,blackmail,"‘That depends a good deal on where you want to get to,’ said the Cat.
",Round Lake Beach,1
20180410,arson,"its head impatiently, and walked a little quicker.
",Santa Ana,0
20180411,robbery,"‘Mine is a long and a sad tale!’ said the Mouse, turning to Alice, and
",Huntington,1
20180412,theft,"‘It all came different!’ the Mock Turtle repeated thoughtfully. ‘I
",Monterey,0
20180413,murder,"
",New Orleans,0
20180414,arson,"go down the chimney!’
",San Jose,0
20180414,blackmail,"little way forwards each time and a long way back, and barking hoarsely
",Clarke County,0
20180414,murder,"‘--so long as I get SOMEWHERE,’ Alice added as an explanation.
",Davidson County,1
20180414,fraud,"silence, and then another confusion of voices--‘Hold up his head--Brandy
",Myrtle Beach,0
20180414,blackmail,"        judge, I’ll
",Mesquite,0
20180415,murder,"
",Kansas City,0
20180417,murder,"aloud; and in another moment it was out of sight.
",Winter Haven,0
20180417,smuggling,"‘I’m getting tired of this. I vote the young lady tells us a story.’
",Columbia,0
20180417,arson,"Alice, she went on, ‘What’s your name, child?’
",Clarke County,1
20180417,bribery,"
",San Diego,0
20180418,assault,"in the common way.
",Corona,0
20180418,assault,"
",Hialeah,0
20180418,assault,"‘How do you like the Queen?’ said the Cat in a low voice.
",Port St. Lucie,1
20180419,arson,"
",Fort Collins,0
20180419,assault,"out here? Run home this moment, and fetch me a pair of gloves and a fan!
",Pittsburgh,0
20180419,bribery,"‘How do you know I’m mad?’ said Alice.
",Poughkeepsie,1
20180420,theft,"that was sitting on the top with its arms folded, quietly smoking a long
",San Jose,0
20180420,blackmail,"being drowned in my own tears! That WILL be a queer thing, to be sure!
",Lansing,0
20180420,assault,"So she swallowed one of the cakes, and was delighted to find that she
",Panama City,0
20180420,robbery,"contempt. ‘I’ve seen a good many little girls in my time, but never ONE
",Fitchburg,0
20180421,fraud,"
",Odessa,0
20180421,blackmail,"
",Hemet,0
20180421,assault,"time.) ‘You’re nothing but a pack of cards!’
",Tuscaloosa,0
20180422,assault,"‘Exactly so,’ said Alice.
",Port Arthur,1
20180422,blackmail,"about the reason and all that,’ he said to the Gryphon.
",Madison,1
20180422,arson,"
",Naperville,0
20180424,arson,"
",New York,0
20180425,arson,"simply--“Never imagine yourself not to be otherwise than what it might
",Louisville,0
20180425,robbery,"resting in the shade: however, the moment they saw her, they hurried
",San Francisco,0
20180425,blackmail,"
",Chula Vista,0
20180425,robbery,"   Do you think I can listen all day to such stuff?
",Hesperia,0
20180425,bribery,"thing is to find my way into that lovely garden. I think that will be
",Thousand Oaks,0
20180426,smuggling,"straightening itself out again, so that altogether, for the first minute
",Trenton,0
20180426,assault,"‘But about his toes?’ the Mock Turtle persisted. ‘How COULD he turn them
",New Bedford,0
20180426,theft,"‘What did they draw?’ said Alice, quite forgetting her promise.
",Danbury,1
20180427,fraud,"carefully, remarking, ‘I really must be getting home; the night-air
",West Valley City,0
20180427,theft,"shouting ‘Off with his head!’ or ‘Off with her head!’ about once in a
",Mobile,0
20180427,blackmail,"deep and reaching half down the hall.
",Laredo,0
20180427,arson,"
",Leominster,0
20180427,murder,"‘Only a thimble,’ said Alice sadly.
",St. Petersburg,1
20180428,murder,"wag my tail when I’m angry. Therefore I’m mad.’
",Appleton,0
20180428,fraud,"Alice glanced rather anxiously at the cook, to see if she meant to take
",Memphis,1
20180428,assault,"sea-shore--’
",Hickory,0
20180428,arson,"remained some time after the rest of it had gone.
",Denton,0
20180428,blackmail,"other side of the court.
",Lorain,0
20180429,murder,"(she was obliged to say ‘creatures,’ you see, because some of them were
",Toledo,0
20180430,murder,"‘But what am I to do?’ said Alice.
",Spokane,1
20180430,robbery,"‘And how did you manage on the twelfth?’ Alice went on eagerly.
",Trenton,1
20180430,bribery,"
",Garden Grove,0
20180430,fraud,"‘Why not?’ said the March Hare.
",Houma,1
20180430,assault,"
",Fontana,0
20180501,assault,"be NO mistake about it: it was neither more nor less than a pig, and she
",Trenton,0
20180115,murder,"Security footage shows that there were 2 witnesses. The first witness lives at the last house on ""Northwestern Dr"". The second witness, named Annabel, lives somewhere on ""Franklin Ave"".",SQL City,0
